".pred_class","truth","X1","team1","team2","Result","year","outcome","Year.x","Random.x","Season.x","SeasonStart.x","Year.y","Random.y","Season.y","SeasonStart.y","Year","List","T1MinutesPlayed","T2MinutesPlayed","T1FieldGoals","T2FieldGoals","T1FieldGoalAttpt","T2FieldGoalAttpt","T1FieldGoalPct","T2FieldGoalPct","T1FieldGoals2P","T2FieldGoals2P","T1FieldGoalAttpt2P","T2FieldGoalAttpt2P","T1FieldGoals2PPct","T2FieldGoals2PPct","T1FieldGoals3P","T2FieldGoals3P","T1FieldGoalAttpt3P","T2FieldGoalAttpt3P","T1FieldGoals3PPct","T2FieldGoals3PPct","T1FreeThrows","T2FreeThrows","T1FreeThrowAttpt","T2FreeThrowAttpt","T1FreeThrowPct","T2FreeThrowPct","T1GamesPlayed","T2GamesPlayed","T1GamesWon","T2GamesWon","T1GamesLost","T2GamesLost","T1WinLossRatio","T2WinLossRatio","T1PointsScored","T2PointsScored","T1FGA","T2FGA","T1R3G","T2R3G","T1Z","T2Z","scorebalance","accurate"
"1","1",3,"VCU","Purdue","W 94-76",2011,"1",11,100,"2010-11",2010,11,889,"2010-11",2010,11,3,8100,6825,968,875,2228,1957,0.434,0.447,629,640,1311,1312,0.48,0.488,339,235,917,645,0.37,0.364,589,481,824,673,0.715,0.715,40,34,28,26,12,8,0.7,0.765,2864,2466,0.26443447037702,0.245884006131834,0.258802440884821,0.178948170731707,1.07182169570798,0.922874406988782,0.148947288719195,0
"0","1",11,"West Virginia","Clemson","W 84-76",2011,"1",11,1497,"2010-11",2010,11,1395,"2010-11",2010,11,11,6600,6850,783,810,1826,1827,0.429,0.443,577,593,1215,1197,0.475,0.495,206,217,611,630,0.337,0.344,531,493,747,703,0.711,0.701,33,34,21,22,12,12,0.636,0.647,2303,2330,0.290863636363636,0.269733442802408,0.169470781893004,0.181052631578947,0.861873381709312,0.871977846019408,-0.0101044643100962,-1
"0","1",13,"Florida","BYU","W 83-74 (OT)",2011,"1",11,377,"2010-11",2010,11,39,"2010-11",2010,11,13,7575,7475,968,1019,2083,2267,0.465,0.449,735,707,1422,1402,0.517,0.504,233,312,661,865,0.352,0.361,498,662,744,865,0.669,0.765,37,37,29,32,8,5,0.784,0.865,2667,3012,0.238951512241959,0.291894574327305,0.163623066104079,0.222728245363766,0.998096530186164,1.12720912970406,-0.129112599517895,-1
"1","1",14,"UNC Asheville","Little Rock","W 81-77 (OT)",2011,"1",11,754,"2010-11",2010,11,919,"2010-11",2010,11,14,6951,7275,881,825,1950,1938,0.452,0.426,713,583,1435,1323,0.497,0.441,168,242,515,615,0.326,0.393,576,565,810,819,0.711,0.69,34,36,20,19,14,17,0.588,0.528,2506,2457,0.295338461538462,0.291594427244582,0.116996515679443,0.182687074829932,0.93784398374448,0.919506252218749,0.01833773152573,0
"1","0",16,"Oakland","Texas","L 81-85",2011,"0",11,46,"2010-11",2010,11,314,"2010-11",2010,11,16,7025,7250,1052,954,2137,2099,0.492,0.455,765,753,1370,1564,0.558,0.481,287,201,767,535,0.374,0.376,601,592,834,905,0.721,0.654,35,36,25,28,10,8,0.714,0.778,2992,2701,0.281382311651848,0.281977131967604,0.209385401459854,0.128618925831202,1.11972434132621,1.01082067042851,0.108903670897703,1
"1","1",17,"UNC","Marquette","W 81-63",2011,"1",11,96,"2010-11",2010,11,184,"2010-11",2010,11,17,7424,7425,1044,973,2317,2094,0.451,0.465,854,782,1738,1547,0.491,0.505,190,191,579,547,0.328,0.349,590,645,878,927,0.672,0.696,37,37,29,22,8,15,0.784,0.595,2868,2782,0.254646525679758,0.308114613180516,0.109270425776755,0.123402068519716,1.07331865338355,1.0411340633588,0.0321845900247506,0
"1","1",22,"Arizona","Memphis","W 77-75",2011,"1",11,78,"2010-11",2010,11,707,"2010-11",2010,11,22,7700,7075,969,891,2064,1975,0.469,0.451,673,681,1319,1336,0.51,0.51,296,210,745,639,0.397,0.329,671,532,899,782,0.746,0.68,38,35,30,25,8,10,0.789,0.714,2905,2524,0.324929263565891,0.269245569620253,0.22423426838514,0.157358532934132,1.08716551188257,0.944580293284544,0.142585218598023,0
"1","1",23,"Syracuse","Indiana State","W 77-60",2011,"1",11,598,"2010-11",2010,11,1731,"2010-11",2010,11,23,7050,6900,936,769,1983,1793,0.472,0.429,714,534,1355,1144,0.527,0.467,222,235,628,649,0.354,0.362,474,480,713,676,0.665,0.71,35,34,27,20,8,14,0.771,0.588,2568,2253,0.239104891578417,0.267685443390965,0.164067896678967,0.205365384615385,0.961046827715811,0.84316141076469,0.117885416951122,0
"1","1",25,"Kansas","Richmond","W 77-57",2011,"1",11,23,"2010-11",2010,11,572,"2010-11",2010,11,25,7625,7450,1114,922,2193,2007,0.508,0.459,843,635,1483,1272,0.568,0.499,271,287,710,735,0.382,0.39,585,446,862,649,0.679,0.687,38,37,35,29,3,8,0.921,0.784,3084,2577,0.266893752849977,0.222153961136024,0.182886041807148,0.225353773584906,1.15415436786432,0.964414982485843,0.189739385378472,0
"0","0",27,"Michigan State","UCLA","L 76-78",2011,"0",11,1361,"2010-11",2010,11,1189,"2010-11",2010,11,27,6874,6876,817,830,1894,1824,0.431,0.455,597,657,1274,1295,0.469,0.507,220,173,620,529,0.355,0.327,484,549,691,808,0.7,0.679,34,34,19,23,15,11,0.559,0.676,2338,2382,0.255385427666315,0.300785087719298,0.17276295133438,0.133577606177606,0.874971761370548,0.891438295801816,-0.0164665344312678,0
"0","0",28,"Purdue","VCU","L 76-94",2011,"0",11,889,"2010-11",2010,11,100,"2010-11",2010,11,28,6825,8100,875,968,1957,2228,0.447,0.434,640,629,1312,1311,0.488,0.48,235,339,645,917,0.364,0.37,481,589,673,824,0.715,0.715,34,40,26,28,8,12,0.765,0.7,2466,2864,0.245884006131834,0.26443447037702,0.178948170731707,0.258802440884821,0.922874406988782,1.07182169570798,-0.148947288719195,0
"0","1",29,"Kentucky","UNC","W 76-69",2011,"1",11,114,"2010-11",2010,11,96,"2010-11",2010,11,29,7625,7424,1002,1044,2183,2317,0.459,0.451,721,854,1476,1738,0.488,0.491,281,190,707,579,0.397,0.328,560,590,789,878,0.71,0.672,38,37,29,29,9,8,0.763,0.784,2845,2868,0.256614750343564,0.254646525679758,0.190161924119241,0.109270425776755,1.06471114674902,1.07331865338355,-0.00860750663452636,-1
"1","1",43,"Kansas","Illinois","W 73-59",2011,"1",11,23,"2010-11",2010,11,1079,"2010-11",2010,11,43,7625,6825,1114,894,2193,1910,0.508,0.468,843,662,1483,1310,0.568,0.505,271,232,710,600,0.382,0.387,585,393,862,539,0.679,0.729,38,34,35,20,3,14,0.921,0.588,3084,2413,0.266893752849977,0.205723036649215,0.182886041807148,0.177251908396947,1.15415436786432,0.903039717787482,0.251114650076834,0
"0","0",47,"St. John's (NY)","Gonzaga","L 71-86",2011,"0",11,1458,"2010-11",2010,11,346,"2010-11",2010,11,47,6625,7050,807,932,1773,1947,0.455,0.479,664,729,1346,1399,0.493,0.521,143,203,427,548,0.335,0.37,556,617,783,810,0.71,0.762,33,35,21,25,12,10,0.636,0.714,2313,2684,0.313553299492386,0.317010785824345,0.106274145616642,0.144932094353109,0.865615775898237,1.00445860030734,-0.138842824409099,0
"1","1",50,"San Diego State","Temple","W 71-64 (2OT)",2011,"1",11,386,"2010-11",2010,11,1129,"2010-11",2010,11,50,7450,6875,991,868,2141,1943,0.463,0.447,768,662,1502,1360,0.511,0.487,223,206,639,583,0.349,0.353,455,458,653,656,0.697,0.698,37,34,34,26,3,8,0.919,0.765,2660,2400,0.212583372255955,0.235660319094184,0.14847603195739,0.151322794117647,0.995476854253917,0.89817460534188,0.097302248912037,0
"0","0",53,"Florida State","VCU","L 71-72 (OT)",2011,"0",11,1313,"2010-11",2010,11,100,"2010-11",2010,11,53,6825,8100,827,968,1903,2228,0.435,0.434,615,629,1269,1311,0.485,0.48,212,339,634,917,0.334,0.37,482,589,725,824,0.665,0.715,34,40,23,28,11,12,0.676,0.7,2348,2864,0.253349973725696,0.26443447037702,0.166868400315209,0.258802440884821,0.878714155559472,1.07182169570798,-0.193107540148504,0
"0","1",55,"VCU","Kansas","W 71-61",2011,"1",11,100,"2010-11",2010,11,23,"2010-11",2010,11,55,8100,7625,968,1114,2228,2193,0.434,0.508,629,843,1311,1483,0.48,0.568,339,271,917,710,0.37,0.382,589,585,824,862,0.715,0.679,40,38,28,35,12,3,0.7,0.921,2864,3084,0.26443447037702,0.266893752849977,0.258802440884821,0.182886041807148,1.07182169570798,1.15415436786432,-0.0823326721563391,-1
"0","1",61,"Butler","VCU","W 70-62",2011,"1",11,302,"2010-11",2010,11,100,"2010-11",2010,11,61,7700,8100,919,968,2122,2228,0.433,0.434,630,629,1300,1311,0.485,0.48,289,339,822,917,0.352,0.37,580,589,799,824,0.726,0.715,38,40,28,28,10,12,0.737,0.7,2707,2864,0.27336192271442,0.26443447037702,0.222572307692308,0.258802440884821,1.01306610694186,1.07182169570798,-0.0587555887661146,-1
"1","1",63,"Notre Dame","Akron","W 69-56",2011,"1",11,626,"2010-11",2010,11,706,"2010-11",2010,11,63,6900,7325,843,892,1832,2073,0.46,0.43,570,609,1124,1288,0.507,0.473,273,283,708,785,0.386,0.361,599,457,827,649,0.724,0.704,34,36,27,23,7,13,0.794,0.639,2558,2524,0.326827510917031,0.22040328027014,0.243138790035587,0.220019409937888,0.957304433526887,0.944580293284544,0.0127241402423433,0
"1","1",68,"San Diego State","Northern Colo.","W 68-50",2011,"1",11,386,"2010-11",2010,11,1566,"2010-11",2010,11,68,7450,6400,991,731,2141,1708,0.463,0.428,768,477,1502,1051,0.511,0.454,223,254,639,657,0.349,0.387,455,571,653,742,0.697,0.77,37,32,34,21,3,11,0.919,0.656,2660,2287,0.212583372255955,0.334508196721311,0.14847603195739,0.241921027592769,0.995476854253917,0.855885551007033,0.139591303246884,0
"0","0",71,"San Diego State","UConn","L 67-74",2011,"0",11,386,"2010-11",2010,11,56,"2010-11",2010,11,71,7450,8350,991,1053,2141,2429,0.463,0.434,768,819,1502,1718,0.511,0.477,223,234,639,711,0.349,0.329,455,627,653,822,0.697,0.763,37,41,34,32,3,9,0.919,0.78,2660,2967,0.212583372255955,0.258207492795389,0.14847603195739,0.136157741559953,0.995476854253917,1.1103683558539,-0.114891501599982,0
"0","1",77,"Marquette","Syracuse","W 66-62",2011,"1",11,184,"2010-11",2010,11,598,"2010-11",2010,11,77,7425,7050,973,936,2094,1983,0.465,0.472,782,714,1547,1355,0.505,0.527,191,222,547,628,0.349,0.354,645,474,927,713,0.696,0.665,37,35,22,27,15,8,0.595,0.771,2782,2568,0.308114613180516,0.239104891578417,0.123402068519716,0.164067896678967,1.0411340633588,0.961046827715811,0.0800872356429844,-1
"1","1",79,"Purdue","St. Peter's","W 65-43",2011,"1",11,889,"2010-11",2010,11,2475,"2010-11",2010,11,79,6825,6828,875,713,1957,1782,0.447,0.4,640,516,1312,1209,0.488,0.427,235,197,645,573,0.364,0.344,481,446,673,693,0.715,0.644,34,34,26,20,8,14,0.765,0.588,2466,2069,0.245884006131834,0.250444444444444,0.178948170731707,0.163037220843672,0.922874406988782,0.774301357688479,0.148573049300303,0
"0","0",87,"West Virginia","Kentucky","L 63-71",2011,"0",11,1497,"2010-11",2010,11,114,"2010-11",2010,11,87,6600,7625,783,1002,1826,2183,0.429,0.459,577,721,1215,1476,0.475,0.488,206,281,611,707,0.337,0.397,531,560,747,789,0.711,0.71,33,38,21,29,12,9,0.636,0.763,2303,2845,0.290863636363636,0.256614750343564,0.169470781893004,0.190161924119241,0.861873381709312,1.06471114674902,-0.202837765039708,0
"0","0",88,"Marquette","UNC","L 63-81",2011,"0",11,184,"2010-11",2010,11,96,"2010-11",2010,11,88,7425,7424,973,1044,2094,2317,0.465,0.451,782,854,1547,1738,0.505,0.491,191,190,547,579,0.349,0.328,645,590,927,878,0.696,0.672,37,37,22,29,15,8,0.595,0.784,2782,2868,0.308114613180516,0.254646525679758,0.123402068519716,0.109270425776755,1.0411340633588,1.07331865338355,-0.0321845900247506,0
"1","0",96,"Louisville","Morehead State","L 61-62",2011,"0",11,466,"2010-11",2010,11,1082,"2010-11",2010,11,96,7125,7069,949,851,2097,1874,0.453,0.454,640,647,1243,1273,0.515,0.508,309,204,854,601,0.362,0.339,416,506,627,751,0.663,0.674,35,35,25,25,10,10,0.714,0.714,2623,2412,0.198236051502146,0.270103521878335,0.248711182622687,0.160046347211312,0.981629995754896,0.902665478368589,0.0789645173863069,1
"1","1",98,"Butler","Wisconsin","W 61-54",2011,"1",11,302,"2010-11",2010,11,1473,"2010-11",2010,11,98,7700,6849,919,798,2122,1808,0.433,0.441,630,520,1300,1064,0.485,0.489,289,278,822,744,0.352,0.374,580,436,799,533,0.726,0.818,38,34,28,25,10,9,0.737,0.735,2707,2310,0.27336192271442,0.241147123893805,0.222572307692308,0.261518796992481,1.01306610694186,0.864493057641559,0.148573049300303,0
"0","0",101,"Indiana State","Syracuse","L 60-77",2011,"0",11,1731,"2010-11",2010,11,598,"2010-11",2010,11,101,6900,7050,769,936,1793,1983,0.429,0.472,534,714,1144,1355,0.467,0.527,235,222,649,628,0.362,0.354,480,474,676,713,0.71,0.665,34,35,20,27,14,8,0.588,0.771,2253,2568,0.267685443390965,0.239104891578417,0.205365384615385,0.164067896678967,0.84316141076469,0.961046827715811,-0.117885416951122,0
"1","1",103,"VCU","USC","W 59-46",2011,"1",11,100,"2010-11",2010,11,1734,"2010-11",2010,11,103,8100,6825,968,813,2228,1832,0.434,0.444,629,609,1311,1255,0.48,0.485,339,204,917,577,0.37,0.354,589,422,824,648,0.715,0.651,40,34,28,19,12,15,0.7,0.559,2864,2252,0.26443447037702,0.230266375545852,0.258802440884821,0.162755378486056,1.07182169570798,0.842787171345797,0.229034524362179,0
"1","1",110,"Florida State","Texas A&M","W 57-50",2011,"1",11,1313,"2010-11",2010,11,1728,"2010-11",2010,11,110,6825,6700,827,758,1903,1719,0.435,0.441,615,577,1269,1185,0.485,0.487,212,181,634,534,0.334,0.339,482,557,725,799,0.665,0.697,34,33,23,24,11,9,0.676,0.727,2348,2254,0.253349973725696,0.323969168121001,0.166868400315209,0.152764556962025,0.878714155559472,0.843535650183582,0.0351785053758903,0
"1","0",114,"Akron","Notre Dame","L 56-69",2011,"0",11,706,"2010-11",2010,11,626,"2010-11",2010,11,114,7325,6900,892,843,2073,1832,0.43,0.46,609,570,1288,1124,0.473,0.507,283,273,785,708,0.361,0.386,457,599,649,827,0.704,0.724,36,34,23,27,13,7,0.639,0.794,2524,2558,0.22040328027014,0.326827510917031,0.220019409937888,0.243138790035587,0.944580293284544,0.957304433526887,-0.0127241402423433,1
"0","0",118,"Kentucky","UConn","L 55-56",2011,"0",11,114,"2010-11",2010,11,56,"2010-11",2010,11,118,7625,8350,1002,1053,2183,2429,0.459,0.434,721,819,1476,1718,0.488,0.477,281,234,707,711,0.397,0.329,560,627,789,822,0.71,0.763,38,41,29,32,9,9,0.763,0.78,2845,2967,0.256614750343564,0.258207492795389,0.190161924119241,0.136157741559953,1.06471114674902,1.1103683558539,-0.0456572091048788,0
"1","1",149,"Vanderbilt","Harvard","W 79-70",2012,"1",12,488,"2011-12",2011,12,2594,"2011-12",2011,12,149,7275,6225,885,695,1921,1490,0.461,0.466,578,510,1129,972,0.512,0.525,307,185,792,518,0.388,0.357,538,458,770,613,0.699,0.747,36,31,25,26,11,5,0.694,0.839,2615,2033,0.280182196772514,0.307322818791946,0.272184233835252,0.190253086419753,0.978636080403756,0.760828738608351,0.217807341795406,0
"0","0",165,"Creighton","UNC","L 73-87",2012,"0",12,203,"2011-12",2011,12,16,"2011-12",2011,12,165,7050,7625,975,1134,1935,2473,0.504,0.459,688,940,1258,1893,0.547,0.497,287,194,677,580,0.424,0.334,535,629,737,922,0.726,0.682,35,38,29,32,6,6,0.829,0.842,2772,3091,0.276517829457364,0.254267691063486,0.228178060413355,0.102334918119387,1.03739166916987,1.15677404379656,-0.119382374626692,0
"0","0",179,"Syracuse","Ohio State","L 70-77",2012,"0",12,244,"2011-12",2011,12,75,"2011-12",2011,12,179,7425,7800,1006,1057,2156,2219,0.467,0.476,773,858,1488,1623,0.519,0.529,233,199,668,596,0.349,0.334,495,600,709,846,0.698,0.709,37,39,34,31,3,8,0.919,0.795,2740,2913,0.229537105751391,0.270308246958089,0.156674731182796,0.122651879235983,1.02541600776531,1.09015942723371,-0.0647434194683938,0
"1","1",181,"Louisville","Davidson","W 69-62",2012,"1",12,269,"2011-12",2011,12,590,"2011-12",2011,12,181,8100,6650,963,879,2281,1969,0.422,0.446,730,624,1548,1209,0.472,0.516,233,255,733,760,0.318,0.336,568,558,826,731,0.688,0.763,40,33,30,25,10,8,0.75,0.758,2727,2571,0.249139850942569,0.283267140680549,0.150577519379845,0.2112158808933,1.02055089531971,0.962169545972489,0.0583813493472222,0
"0","0",201,"UNC Asheville","Syracuse","L 65-72",2012,"0",12,241,"2011-12",2011,12,244,"2011-12",2011,12,201,6824,7425,920,1006,1907,2156,0.482,0.467,697,773,1278,1488,0.545,0.519,223,233,629,668,0.355,0.349,682,495,893,709,0.764,0.698,34,37,24,34,10,3,0.706,0.919,2745,2740,0.357761929732564,0.229537105751391,0.174722222222222,0.156674731182796,1.02728720485977,1.02541600776531,0.00187119709446226,0
"1","1",202,"Cincinnati","Texas","W 65-59",2012,"1",12,712,"2011-12",2011,12,878,"2011-12",2011,12,202,7500,6850,924,836,2194,1927,0.421,0.434,664,639,1431,1326,0.464,0.482,260,197,763,601,0.341,0.328,414,601,643,820,0.644,0.733,37,34,26,20,11,14,0.703,0.588,2522,2470,0.18873837739289,0.311914893617021,0.181819007686932,0.148663650075415,0.943831814446759,0.924371364664351,0.0194604497824074,0
"1","0",208,"UNLV","Colorado","L 64-68",2012,"0",12,371,"2011-12",2011,12,1012,"2011-12",2011,12,208,7125,7225,942,835,2062,1874,0.457,0.446,651,636,1263,1302,0.515,0.488,291,199,799,572,0.364,0.348,496,560,734,810,0.676,0.691,35,36,26,24,9,12,0.743,0.667,2671,2429,0.240632395732299,0.29867129135539,0.23027395091053,0.152884792626728,0.999593487861734,0.909027548489761,0.0905659393719729,1
"1","0",225,"Ohio State","Kansas","L 62-64",2012,"0",12,75,"2011-12",2011,12,98,"2011-12",2011,12,225,7800,7825,1057,1023,2219,2169,0.476,0.472,858,801,1623,1526,0.529,0.525,199,222,596,643,0.334,0.345,600,597,846,863,0.709,0.692,39,39,31,32,8,7,0.795,0.821,2913,2865,0.270308246958089,0.275332411249424,0.122651879235983,0.145370249017038,1.09015942723371,1.07219593512687,0.0179634921068375,1
"0","1",232,"Wisconsin","Vanderbilt","W 60-57",2012,"1",12,1489,"2011-12",2011,12,488,"2011-12",2011,12,232,7250,7275,797,885,1875,1921,0.425,0.461,512,578,1100,1129,0.465,0.512,285,307,775,792,0.368,0.388,425,538,575,770,0.739,0.699,36,36,26,25,10,11,0.722,0.694,2304,2615,0.226626666666667,0.280182196772514,0.259272727272727,0.272184233835252,0.862247621128205,0.978636080403756,-0.116388459275552,-1
"1","1",234,"Kansas","NC State","W 60-57",2012,"1",12,98,"2011-12",2011,12,321,"2011-12",2011,12,234,7825,7425,1023,977,2169,2134,0.472,0.458,801,779,1526,1577,0.525,0.494,222,198,643,557,0.345,0.355,597,545,863,774,0.692,0.704,39,37,32,24,7,13,0.821,0.649,2865,2697,0.275332411249424,0.255340206185567,0.145370249017038,0.125386810399493,1.07219593512687,1.00932371275294,0.0628722223739315,0
"1","1",245,"Murray State","Colorado State","W 58-41",2012,"1",12,1084,"2011-12",2011,12,1777,"2011-12",2011,12,245,6650,6475,811,764,1732,1621,0.468,0.471,572,575,1128,1148,0.507,0.501,239,189,604,473,0.396,0.4,551,526,761,685,0.724,0.768,33,32,31,20,2,12,0.939,0.625,2412,2243,0.318108545034642,0.324540407156077,0.212042553191489,0.164808362369338,0.902665478368589,0.839419016575765,0.0632464617928241,0
"1","1",246,"Creighton","Alabama","W 58-57",2012,"1",12,203,"2011-12",2011,12,2224,"2011-12",2011,12,246,7050,6650,975,778,1935,1722,0.504,0.452,688,642,1258,1252,0.547,0.513,287,136,677,470,0.424,0.289,535,443,737,623,0.726,0.711,35,33,29,21,6,12,0.829,0.636,2772,2135,0.276517829457364,0.257231707317073,0.228178060413355,0.108490415335463,1.03739166916987,0.799001159335381,0.238390509834491,0
"1","0",250,"Marquette","Florida","L 58-68",2012,"0",12,423,"2011-12",2011,12,159,"2011-12",2011,12,250,7000,7475,919,976,2033,2106,0.452,0.463,718,619,1437,1167,0.5,0.53,201,357,596,939,0.337,0.38,599,499,831,700,0.721,0.713,35,37,27,26,8,11,0.771,0.703,2638,2808,0.294712739793409,0.23698955365622,0.139771746694502,0.305758354755784,0.987243587038283,1.05086428825,-0.0636207012117166,1
"0","0",258,"California","South Florida","L 54-65",2012,"0",12,1053,"2011-12",2011,12,2227,"2011-12",2011,12,258,6800,7250,893,772,1878,1765,0.476,0.437,737,603,1448,1231,0.509,0.49,156,169,430,534,0.363,0.316,477,421,641,597,0.744,0.705,34,36,24,22,10,14,0.706,0.611,2419,2134,0.25394249201278,0.238461756373938,0.107796961325967,0.137078797725426,0.905285154300836,0.798626919916488,0.106658234384348,0
"1","0",260,"Memphis","Saint Louis","L 54-61",2012,"0",12,491,"2011-12",2011,12,1369,"2011-12",2011,12,260,7075,6825,933,814,1899,1813,0.491,0.449,748,576,1388,1150,0.539,0.501,185,238,511,663,0.362,0.359,563,470,785,653,0.717,0.72,35,34,26,26,9,8,0.743,0.765,2614,2336,0.296390205371248,0.259327082184225,0.133272334293948,0.206971304347826,0.978261840984864,0.874223282532763,0.104038558452101,1
"0","0",261,"Murray State","Marquette","L 53-62",2012,"0",12,1084,"2011-12",2011,12,423,"2011-12",2011,12,261,6650,7000,811,919,1732,2033,0.468,0.452,572,718,1128,1437,0.507,0.5,239,201,604,596,0.396,0.337,551,599,761,831,0.724,0.721,33,35,31,27,2,8,0.939,0.771,2412,2638,0.318108545034642,0.294712739793409,0.212042553191489,0.139771746694502,0.902665478368589,0.987243587038283,-0.0845781086696936,0
"0","0",264,"Montana","Wisconsin","L 49-73",2012,"0",12,1790,"2011-12",2011,12,1489,"2011-12",2011,12,264,6425,7250,781,797,1689,1875,0.462,0.425,586,512,1165,1100,0.503,0.465,195,285,524,775,0.372,0.368,482,425,672,575,0.717,0.739,32,36,25,26,7,10,0.781,0.722,2239,2304,0.285271758436945,0.226626666666667,0.16732017167382,0.259272727272727,0.837922058900195,0.862247621128205,-0.0243255622280093,0
"0","1",276,"Minnesota","UCLA","W 83-63",2013,"1",13,1365,"2012-13",2012,13,506,"2012-13",2012,13,276,6825,7100,815,961,1838,2131,0.443,0.451,631,790,1292,1617,0.488,0.489,184,171,546,514,0.337,0.333,523,511,764,706,0.685,0.724,34,35,21,25,13,10,0.618,0.714,2337,2604,0.284733405875952,0.239861098076021,0.142416408668731,0.105851576994434,0.874597521951655,0.97451944679594,-0.0999219248442842,-1
"1","1",277,"Louisville","Colorado State","W 82-56",2013,"1",13,53,"2012-13",2012,13,645,"2012-13",2012,13,277,8125,7024,1048,881,2300,1961,0.456,0.449,818,701,1609,1429,0.508,0.491,230,180,691,532,0.333,0.338,652,611,920,855,0.709,0.715,40,35,35,26,5,9,0.875,0.743,2978,2553,0.2836,0.311741458439572,0.143009944064636,0.125833449965011,1.11448498946172,0.955433236432425,0.159051753029291,0
"1","1",287,"Miami (FL)","Pacific","W 78-49",2013,"1",13,747,"2012-13",2012,13,1334,"2012-13",2012,13,287,7225,7026,895,824,1968,1839,0.455,0.448,641,599,1267,1249,0.506,0.48,254,225,701,590,0.362,0.381,465,471,680,684,0.684,0.689,36,35,29,22,7,13,0.806,0.629,2509,2344,0.236341463414634,0.256267536704731,0.200285714285714,0.179975980784628,0.938966702001157,0.877217197883903,0.0617495041172542,0
"1","1",290,"Florida","Minnesota","W 78-64",2013,"1",13,415,"2012-13",2012,13,1365,"2012-13",2012,13,290,7400,6825,960,815,2010,1838,0.478,0.443,660,631,1216,1292,0.543,0.488,300,184,794,546,0.378,0.337,422,523,623,764,0.677,0.685,37,34,29,21,8,13,0.784,0.618,2642,2337,0.20983631840796,0.284733405875952,0.246819078947368,0.142416408668731,0.988740544713853,0.874597521951655,0.114143022762197,0
"1","0",302,"Ole Miss","La Salle","L 74-76",2013,"0",13,194,"2012-13",2012,13,934,"2012-13",2012,13,302,7275,6848,977,871,2230,1931,0.438,0.451,739,609,1495,1236,0.494,0.493,238,262,735,695,0.324,0.377,587,446,866,605,0.678,0.737,36,34,27,24,9,10,0.75,0.706,2779,2450,0.263295067264574,0.230908855515277,0.159290969899666,0.211986245954693,1.04001134510212,0.916886576286502,0.123124768815616,1
"1","0",310,"Butler","Marquette","L 72-74",2013,"0",13,791,"2012-13",2012,13,1191,"2012-13",2012,13,310,7226,7100,869,842,1931,1844,0.45,0.457,630,695,1243,1347,0.507,0.516,239,147,688,497,0.347,0.296,518,551,744,755,0.696,0.73,36,35,27,26,9,9,0.75,0.743,2495,2382,0.268163645779389,0.298888286334056,0.192064360418343,0.109214550853749,0.933727350136663,0.891438295801816,0.0422890543348469,1
"1","1",311,"Wichita State","La Salle","W 72-58",2013,"1",13,283,"2012-13",2012,13,934,"2012-13",2012,13,311,7800,6848,954,871,2166,1931,0.44,0.451,695,609,1401,1236,0.496,0.493,259,262,765,695,0.339,0.377,553,446,791,605,0.699,0.737,39,34,30,24,9,10,0.769,0.706,2720,2450,0.255267313019391,0.230908855515277,0.185107066381156,0.211986245954693,1.01793121938746,0.916886576286502,0.101044643100961,0
"0","1",317,"Marquette","Miami (FL)","W 71-61",2013,"1",13,1191,"2012-13",2012,13,747,"2012-13",2012,13,317,7100,7225,842,895,1844,1968,0.457,0.455,695,641,1347,1267,0.516,0.506,147,254,497,701,0.296,0.362,551,465,755,680,0.73,0.684,35,36,26,29,9,7,0.743,0.806,2382,2509,0.298888286334056,0.236341463414634,0.109214550853749,0.200285714285714,0.891438295801816,0.938966702001157,-0.0475284061993412,-1
"0","0",319,"Iona","Ohio State","L 70-95",2013,"0",13,257,"2012-13",2012,13,516,"2012-13",2012,13,319,6975,7426,956,928,2106,2057,0.454,0.451,673,701,1335,1419,0.504,0.494,283,227,771,638,0.367,0.356,538,516,689,729,0.781,0.708,34,37,20,29,14,8,0.588,0.784,2733,2599,0.255512345679012,0.250914924647545,0.211952808988764,0.160062015503876,1.02279633183307,0.972648249701477,0.0501480821315884,0
"1","1",323,"Kansas","UNC","W 70-58",2013,"1",13,186,"2012-13",2012,13,220,"2012-13",2012,13,323,7525,7225,985,1023,2049,2321,0.481,0.441,769,751,1455,1598,0.529,0.47,216,272,594,723,0.364,0.376,596,442,809,655,0.737,0.675,37,36,31,25,6,11,0.838,0.694,2782,2760,0.290987310883358,0.190489013356312,0.14860206185567,0.170117647058824,1.0411340633588,1.03290079614316,0.008233267215634,0
"0","0",332,"Wichita State","Louisville","L 68-72",2013,"0",13,283,"2012-13",2012,13,53,"2012-13",2012,13,332,7800,8125,954,1048,2166,2300,0.44,0.456,695,818,1401,1609,0.496,0.508,259,230,765,691,0.339,0.333,553,652,791,920,0.699,0.709,39,40,30,35,9,5,0.769,0.875,2720,2978,0.255267313019391,0.2836,0.185107066381156,0.143009944064636,1.01793121938746,1.11448498946172,-0.0965537700742523,0
"1","1",335,"Syracuse","California","W 66-60",2013,"1",13,150,"2012-13",2012,13,1873,"2012-13",2012,13,335,8050,6624,1007,833,2293,1875,0.439,0.444,774,699,1597,1432,0.485,0.488,233,134,696,443,0.335,0.302,569,418,843,585,0.675,0.715,40,33,30,21,10,12,0.75,0.636,2816,2218,0.24815743567379,0.22308,0.145998747651847,0.0934259776536313,1.05385820360114,0.830063031103454,0.223795172497685,0
"0","0",344,"Minnesota","Florida","L 64-78",2013,"0",13,1365,"2012-13",2012,13,415,"2012-13",2012,13,344,6825,7400,815,960,1838,2010,0.443,0.478,631,660,1292,1216,0.488,0.543,184,300,546,794,0.337,0.378,523,422,764,623,0.685,0.677,34,37,21,29,13,8,0.618,0.784,2337,2642,0.284733405875952,0.20983631840796,0.142416408668731,0.246819078947368,0.874597521951655,0.988740544713853,-0.114143022762197,0
"0","0",349,"Duke","Louisville","L 63-85",2013,"0",13,196,"2012-13",2012,13,53,"2012-13",2012,13,349,7200,8125,960,1048,2033,2300,0.472,0.456,690,818,1357,1609,0.508,0.508,270,230,676,691,0.399,0.333,588,652,796,920,0.739,0.709,36,40,30,35,6,5,0.833,0.875,2778,2978,0.289347761928185,0.2836,0.198764922623434,0.143009944064636,1.03963710568323,1.11448498946172,-0.0748478837784901,0
"0","0",351,"James Madison","Indiana","L 62-83",2013,"0",13,1322,"2012-13",2012,13,132,"2012-13",2012,13,351,7250,7253,818,951,1941,1971,0.421,0.482,607,694,1313,1334,0.462,0.52,211,257,628,637,0.336,0.403,499,672,714,904,0.699,0.743,36,36,21,29,15,7,0.583,0.806,2346,2831,0.25712828438949,0.340777270421106,0.160706778370145,0.192437031484258,0.877965676721687,1.05947179488453,-0.181506118162838,0
"0","0",358,"Michigan State","Duke","L 61-71",2013,"0",13,949,"2012-13",2012,13,196,"2012-13",2012,13,358,7199,7200,882,960,1921,2033,0.459,0.472,705,690,1398,1357,0.504,0.508,177,270,523,676,0.338,0.399,507,588,710,796,0.714,0.739,36,36,27,30,9,6,0.75,0.833,2448,2778,0.263893805309734,0.289347761928185,0.126447782546495,0.198764922623434,0.916138097448717,1.03963710568323,-0.123499008234508,0
"0","0",360,"California","Syracuse","L 60-66",2013,"0",13,1873,"2012-13",2012,13,150,"2012-13",2012,13,360,6624,8050,833,1007,1875,2293,0.444,0.439,699,774,1432,1597,0.488,0.485,134,233,443,696,0.302,0.335,418,569,585,843,0.715,0.675,33,40,21,30,12,10,0.636,0.75,2218,2816,0.22308,0.24815743567379,0.0934259776536313,0.145998747651847,0.830063031103454,1.05385820360114,-0.223795172497685,0
"1","1",361,"Marquette","Davidson","W 59-58",2013,"1",13,1191,"2012-13",2012,13,802,"2012-13",2012,13,361,7100,6825,842,837,1844,1813,0.457,0.462,695,581,1347,1119,0.516,0.519,147,256,497,694,0.296,0.369,551,560,755,704,0.73,0.795,35,34,26,26,9,8,0.743,0.765,2382,2490,0.298888286334056,0.308703805846663,0.109214550853749,0.22885254691689,0.891438295801816,0.9318561530422,-0.0404178572403846,0
"1","0",364,"Davidson","Marquette","L 58-59",2013,"0",13,802,"2012-13",2012,13,1191,"2012-13",2012,13,364,6825,7100,837,842,1813,1844,0.462,0.457,581,695,1119,1347,0.519,0.516,256,147,694,497,0.369,0.296,560,551,704,755,0.795,0.73,34,35,26,26,8,9,0.765,0.743,2490,2382,0.308703805846663,0.298888286334056,0.22885254691689,0.109214550853749,0.9318561530422,0.891438295801816,0.0404178572403846,1
"0","0",365,"Southern","Gonzaga","L 58-64",2013,"0",13,1848,"2012-13",2012,13,324,"2012-13",2012,13,365,6599,7000,761,961,1757,1934,0.433,0.497,535,735,1138,1325,0.47,0.555,226,226,619,609,0.365,0.371,475,548,689,777,0.689,0.705,33,35,23,32,10,3,0.697,0.914,2223,2696,0.270188389299943,0.283239400206825,0.19853690685413,0.17052,0.831934228197916,1.00894947333404,-0.177015245136129,0
"0","0",377,"Syracuse","Michigan","L 56-61",2013,"0",13,150,"2012-13",2012,13,66,"2012-13",2012,13,377,8050,7876,1007,1093,2293,2260,0.439,0.484,774,797,1597,1491,0.485,0.535,233,296,696,769,0.335,0.385,569,450,843,642,0.675,0.701,40,39,30,31,10,8,0.75,0.795,2816,2932,0.24815743567379,0.199133628318584,0.145998747651847,0.198568075117371,1.05385820360114,1.09726997619266,-0.0434117725915242,0
"0","0",380,"Pitt","Wichita State","L 55-73",2013,"0",13,1587,"2012-13",2012,13,283,"2012-13",2012,13,380,6675,7800,837,954,1775,2166,0.472,0.44,674,695,1308,1401,0.515,0.496,163,259,467,765,0.349,0.339,445,553,666,791,0.668,0.699,33,39,24,30,9,9,0.727,0.769,2282,2720,0.250641126760563,0.255267313019391,0.124604740061162,0.185107066381156,0.854014353912571,1.01793121938746,-0.163916865474893,0
"0","0",387,"Saint Mary's","Memphis","L 52-54",2013,"0",13,497,"2012-13",2012,13,352,"2012-13",2012,13,387,7026,7251,910,976,1939,2071,0.469,0.471,637,756,1211,1479,0.526,0.511,273,220,728,592,0.375,0.372,517,509,713,771,0.725,0.66,35,36,28,31,7,5,0.8,0.861,2610,2681,0.266593604951006,0.245707387735394,0.225433526011561,0.14890060851927,0.976764883309294,1.00333588205066,-0.0265709987413639,0
"0","0",391,"Indiana","Syracuse","L 50-61",2013,"0",13,132,"2012-13",2012,13,150,"2012-13",2012,13,391,7253,8050,951,1007,1971,2293,0.482,0.439,694,774,1334,1597,0.52,0.485,257,233,637,696,0.403,0.335,672,569,904,843,0.743,0.675,36,40,29,30,7,10,0.806,0.75,2831,2816,0.340777270421106,0.24815743567379,0.192437031484258,0.145998747651847,1.05947179488453,1.05385820360114,0.00561359128338679,0
"0","0",402,"Montana","Syracuse","L 34-81",2013,"0",13,1796,"2012-13",2012,13,150,"2012-13",2012,13,402,6525,8050,760,1007,1635,2293,0.465,0.439,541,774,1046,1597,0.517,0.485,219,233,589,696,0.372,0.335,499,569,651,843,0.767,0.675,32,40,25,30,7,10,0.781,0.75,2238,2816,0.305392660550459,0.24815743567379,0.209472275334608,0.145998747651847,0.837547819481303,1.05385820360114,-0.216310384119836,0
"0","1",407,"Oregon","BYU","W 87-68",2014,"1",14,181,"2013-14",2013,14,67,"2013-14",2013,14,407,6925,7123,928,1012,1977,2186,0.469,0.463,669,835,1311,1687,0.51,0.495,259,177,666,499,0.389,0.355,668,730,865,1055,0.772,0.692,34,35,24,23,10,12,0.706,0.657,2783,2931,0.337774405665149,0.333970722781336,0.197615560640732,0.105005927682276,1.04150830277769,1.09689573677377,-0.0553874339960825,-1
"0","0",409,"Arizona State","Texas","L 85-87",2014,"0",14,813,"2013-14",2013,14,518,"2013-14",2013,14,409,6725,7025,836,905,1852,2095,0.451,0.432,568,727,1164,1550,0.488,0.469,268,178,688,545,0.39,0.327,546,610,787,909,0.694,0.671,33,35,21,24,12,11,0.636,0.686,2486,2598,0.29491252699784,0.291140334128878,0.230515463917526,0.114977419354839,0.93035919536663,0.972274010282585,-0.0419148149159544,0
"0","0",416,"UNC","Iowa State","L 83-85",2014,"0",14,507,"2013-14",2013,14,50,"2013-14",2013,14,416,6851,7324,953,1062,2057,2239,0.463,0.474,807,761,1623,1399,0.497,0.544,146,301,434,840,0.336,0.358,552,564,882,814,0.626,0.693,34,36,24,28,10,8,0.706,0.778,2604,2989,0.268416140009723,0.251943724877177,0.0898484288354898,0.214953538241601,0.97451944679594,1.11860162306953,-0.144082176273593,0
"1","0",422,"NC State","Saint Louis","L 80-83 (OT)",2014,"0",14,614,"2013-14",2013,14,1206,"2013-14",2013,14,422,7301,6875,950,829,2060,1869,0.461,0.444,790,639,1535,1268,0.515,0.504,160,190,525,601,0.305,0.316,501,526,762,755,0.657,0.697,36,34,22,27,14,7,0.611,0.794,2561,2374,0.243026213592233,0.281559657570894,0.104315960912052,0.149776025236593,0.958427151783564,0.888444380450676,0.0699827713328881,1
"1","1",426,"UNC","Providence","W 79-77",2014,"1",14,507,"2013-14",2013,14,602,"2013-14",2013,14,426,6851,7250,953,849,2057,1984,0.463,0.428,807,631,1623,1356,0.497,0.465,146,218,434,628,0.336,0.347,552,650,882,831,0.626,0.782,34,35,24,23,10,12,0.706,0.657,2604,2566,0.268416140009723,0.327541330645161,0.0898484288354898,0.160705014749263,0.97451944679594,0.960298348878026,0.0142210979179132,0
"1","1",427,"Michigan","Texas","W 79-65",2014,"1",14,253,"2013-14",2013,14,518,"2013-14",2013,14,427,7450,7025,945,905,1982,2095,0.477,0.432,626,727,1188,1550,0.527,0.469,319,178,794,545,0.402,0.327,527,610,691,909,0.763,0.671,37,35,28,24,9,11,0.757,0.686,2736,2598,0.266010595358224,0.291140334128878,0.268676767676768,0.114977419354839,1.02391905008974,0.972274010282585,0.0516450398071582,0
"0","1",428,"Florida","UCLA","W 79-68",2014,"1",14,271,"2013-14",2013,14,40,"2013-14",2013,14,428,7799,7450,945,1073,2056,2196,0.46,0.489,690,844,1345,1593,0.513,0.53,255,229,711,603,0.359,0.38,582,628,871,839,0.668,0.749,39,37,36,28,3,9,0.923,0.757,2727,3003,0.282990272373541,0.286161657559199,0.189776208178439,0.143841807909605,1.02055089531971,1.12384097493403,-0.103290079614316,-1
"0","0",440,"Oregon","Wisconsin","L 77-85",2014,"0",14,181,"2013-14",2013,14,170,"2013-14",2013,14,440,6925,7625,928,927,1977,2019,0.469,0.459,669,630,1311,1229,0.51,0.513,259,297,666,790,0.389,0.376,668,642,865,861,0.772,0.746,34,38,24,30,10,8,0.706,0.789,2783,2793,0.337774405665149,0.318130757800892,0.197615560640732,0.241692432872254,1.04150830277769,1.04525069696661,-0.00374239418892452,0
"1","1",441,"UCLA","Stephen F. Austin","W 77-60",2014,"1",14,40,"2013-14",2013,14,383,"2013-14",2013,14,441,7450,7050,1073,922,2196,1992,0.489,0.463,844,674,1593,1274,0.53,0.529,229,248,603,718,0.38,0.345,628,569,839,800,0.749,0.711,37,35,28,32,9,3,0.757,0.914,3003,2661,0.286161657559199,0.285542168674699,0.143841807909605,0.194434850863422,1.12384097493403,0.995851093672809,0.127989881261218,0
"1","1",443,"UCLA","Tulsa","W 76-59",2014,"1",14,40,"2013-14",2013,14,874,"2013-14",2013,14,443,7450,6850,1073,835,2196,1899,0.489,0.44,844,638,1593,1296,0.53,0.492,229,197,603,603,0.38,0.327,628,604,839,894,0.749,0.676,37,34,28,21,9,13,0.757,0.618,3003,2471,0.286161657559199,0.318243285939968,0.143841807909605,0.152145833333333,1.12384097493403,0.924745604083244,0.199095370850783,0
"0","0",444,"Wichita State","Kentucky","L 76-78",2014,"0",14,305,"2013-14",2013,14,47,"2013-14",2013,14,444,7223,8074,896,1004,1942,2213,0.461,0.454,646,801,1229,1602,0.526,0.5,250,203,713,611,0.351,0.332,664,781,916,1146,0.725,0.682,36,40,35,29,1,11,0.972,0.725,2706,2992,0.341967044284243,0.353173068233168,0.203631407648495,0.126624219725343,1.01269186752297,1.11972434132621,-0.107032473803241,0
"0","1",453,"Kentucky","Louisville","W 74-69",2014,"1",14,47,"2013-14",2013,14,42,"2013-14",2013,14,453,8074,7400,1004,1051,2213,2232,0.454,0.471,801,763,1602,1449,0.5,0.527,203,288,611,783,0.332,0.368,781,608,1146,920,0.682,0.661,40,37,29,31,11,6,0.725,0.838,2992,2998,0.353173068233168,0.272455197132617,0.126624219725343,0.198857142857143,1.11972434132621,1.12196977783956,-0.00224543651335463,-1
"1","1",463,"Louisville","Manhattan","W 71-64",2014,"1",14,42,"2013-14",2013,14,671,"2013-14",2013,14,463,7400,6749,1051,828,2232,1837,0.471,0.451,763,620,1449,1273,0.527,0.487,288,208,783,564,0.368,0.369,608,676,920,1019,0.661,0.663,37,33,31,25,6,8,0.838,0.758,2998,2540,0.272455197132617,0.367771910724007,0.198857142857143,0.163484681853888,1.12196977783956,0.950568123986823,0.171401653852742,0
"1","0",470,"New Mexico St.","San Diego State","L 69-73 (OT)",2014,"0",14,207,"2013-14",2013,14,695,"2013-14",2013,14,470,7275,7251,936,873,1918,2009,0.488,0.435,742,687,1395,1490,0.532,0.461,194,186,523,519,0.371,0.358,705,598,1027,902,0.686,0.663,36,36,26,31,10,5,0.722,0.861,2771,2530,0.367321167883212,0.297673469387755,0.139091756272401,0.12469932885906,1.03701742975098,0.946825729797898,0.0901916999530804,1
"0","1",472,"Wisconsin","Baylor","W 69-52",2014,"1",14,170,"2013-14",2013,14,115,"2013-14",2013,14,472,7625,7698,927,959,2019,2108,0.459,0.455,630,679,1229,1383,0.513,0.491,297,280,790,725,0.376,0.386,642,645,861,949,0.746,0.68,38,38,30,26,8,12,0.789,0.684,2793,2843,0.318130757800892,0.306129032258065,0.241692432872254,0.20234996384671,1.04525069696661,1.06396266791124,-0.0187119709446224,-1
"1","1",475,"Arizona","Weber State","W 68-59",2014,"1",14,211,"2013-14",2013,14,1730,"2013-14",2013,14,475,7701,6300,996,732,2123,1541,0.469,0.475,792,510,1562,975,0.507,0.523,204,222,561,566,0.364,0.392,573,568,870,767,0.659,0.741,38,31,33,19,5,12,0.868,0.613,2769,2254,0.270056523787094,0.368817001946788,0.130732394366197,0.227561025641026,1.03626895091319,0.843535650183582,0.192733300729612,0
"1","0",479,"Louisiana","Creighton","L 66-76",2014,"0",14,125,"2013-14",2013,14,227,"2013-14",2013,14,479,7149,7000,988,957,2127,1927,0.465,0.497,742,601,1457,1068,0.509,0.563,246,356,670,859,0.367,0.414,613,486,913,654,0.671,0.743,35,35,23,27,12,8,0.657,0.771,2835,2756,0.288022096850024,0.252165023352361,0.168764584763212,0.332983146067416,1.0609687525601,1.03140383846759,0.0295649140925036,1
"0","0",480,"George Washington","Memphis","L 66-71",2014,"0",14,1072,"2013-14",2013,14,492,"2013-14",2013,14,480,6622,6850,839,958,1812,2009,0.463,0.477,652,776,1298,1457,0.502,0.533,187,182,514,552,0.364,0.33,550,516,845,801,0.651,0.644,33,34,24,24,9,10,0.727,0.706,2415,2614,0.303584437086093,0.256766550522648,0.144141756548536,0.125024021962938,0.903788196625267,0.978261840984864,-0.0744736443595976,0
"0","0",486,"Manhattan","Louisville","L 64-71",2014,"0",14,671,"2013-14",2013,14,42,"2013-14",2013,14,486,6749,7400,828,1051,1837,2232,0.451,0.471,620,763,1273,1449,0.487,0.527,208,288,564,783,0.369,0.368,676,608,1019,920,0.663,0.661,33,37,25,31,8,6,0.758,0.838,2540,2998,0.367771910724007,0.272455197132617,0.163484681853888,0.198857142857143,0.950568123986823,1.12196977783956,-0.171401653852742,0
"1","1",487,"Wichita State","Cal Poly","W 64-37",2014,"1",14,305,"2013-14",2013,14,2196,"2013-14",2013,14,487,7223,6800,896,754,1942,1850,0.461,0.408,646,536,1229,1196,0.526,0.448,250,218,713,654,0.351,0.333,664,415,916,603,0.725,0.688,36,34,35,14,1,20,0.972,0.412,2706,2141,0.341967044284243,0.224250810810811,0.203631407648495,0.182091973244147,1.01269186752297,0.801246595848735,0.211445271674234,0
"0","1",504,"UConn","Michigan State","W 60-54",2014,"1",14,92,"2013-14",2013,14,94,"2013-14",2013,14,504,8050,7674,971,1024,2163,2159,0.449,0.474,684,717,1422,1376,0.481,0.521,287,307,741,783,0.387,0.392,644,515,829,728,0.777,0.707,40,38,32,29,8,9,0.8,0.763,2873,2870,0.297796116504854,0.238395553496989,0.201664556962025,0.223063953488372,1.07518985047801,1.07406713222133,0.00112271825667731,-1
"0","0",507,"Ohio State","Dayton","L 59-60",2014,"0",14,1006,"2013-14",2013,14,372,"2013-14",2013,14,507,7049,7450,843,935,1875,2018,0.45,0.463,643,692,1258,1374,0.511,0.504,200,243,617,644,0.324,0.377,546,558,793,819,0.689,0.681,35,37,25,26,10,11,0.714,0.703,2432,2671,0.291401066666667,0.276382061446977,0.158909379968204,0.176701601164483,0.910150266746438,0.999593487861734,-0.0894432211152956,0
"0","1",512,"Stanford","New Mexico","W 58-53",2014,"1",14,484,"2013-14",2013,14,727,"2013-14",2013,14,512,7226,6899,896,847,1950,1851,0.459,0.458,688,650,1379,1258,0.499,0.517,208,197,571,593,0.364,0.332,616,625,877,863,0.702,0.724,36,34,23,27,13,7,0.639,0.794,2616,2516,0.31572,0.337553754727174,0.150720812182741,0.15649920508744,0.979010319822649,0.941586377933404,0.037423941889245,-1
"1","1",514,"Michigan","Wofford","W 57-40",2014,"1",14,253,"2013-14",2013,14,1946,"2013-14",2013,14,514,7450,6626,945,808,1982,1804,0.477,0.448,626,612,1188,1260,0.527,0.486,319,196,794,544,0.402,0.36,527,393,691,592,0.763,0.664,37,33,28,20,9,13,0.757,0.606,2736,2205,0.266010595358224,0.21789800443459,0.268676767676768,0.155428571428571,1.02391905008974,0.825197918657852,0.198721131431891,0
"1","0",519,"Creighton","Baylor","L 55-85",2014,"0",14,227,"2013-14",2013,14,115,"2013-14",2013,14,519,7000,7698,957,959,1927,2108,0.497,0.455,601,679,1068,1383,0.563,0.491,356,280,859,725,0.414,0.386,486,645,654,949,0.743,0.68,35,38,27,26,8,12,0.771,0.684,2756,2843,0.252165023352361,0.306129032258065,0.332983146067416,0.20234996384671,1.03140383846759,1.06396266791124,-0.0325588294436432,1
"0","0",528,"Dayton","Florida","L 52-62",2014,"0",14,372,"2013-14",2013,14,271,"2013-14",2013,14,528,7450,7799,935,945,2018,2056,0.463,0.46,692,690,1374,1345,0.504,0.513,243,255,644,711,0.377,0.359,558,582,819,871,0.681,0.668,37,39,26,36,11,3,0.703,0.923,2671,2727,0.276382061446977,0.282990272373541,0.176701601164483,0.189776208178439,0.999593487861734,1.02055089531971,-0.0209574074579771,0
"0","0",533,"North Dakota St.","San Diego State","L 44-63",2014,"0",14,797,"2013-14",2013,14,695,"2013-14",2013,14,533,6625,7251,888,873,1759,2009,0.505,0.435,712,687,1276,1490,0.558,0.461,176,186,483,519,0.364,0.358,540,598,719,902,0.751,0.663,33,36,26,31,7,5,0.788,0.861,2492,2530,0.306974985787379,0.297673469387755,0.137783699059561,0.12469932885906,0.932604631879985,0.946825729797898,-0.014221097917913,0
"1","1",538,"Arizona","Texas Southern","W 93-72",2015,"1",15,76,"2014-15",2014,15,1161,"2014-15",2014,15,538,7625,7152,1009,818,2068,1840,0.488,0.445,816,633,1532,1266,0.533,0.5,193,185,536,574,0.36,0.322,700,569,974,861,0.719,0.661,38,35,34,22,4,13,0.895,0.629,2911,2390,0.338639264990329,0.309304891304348,0.125953002610966,0.145993680884676,1.08941094839592,0.894432211152955,0.194978737242966,0
"1","1",539,"Villanova","Lafayette","W 93-52",2015,"1",15,229,"2014-15",2014,15,1032,"2014-15",2014,15,539,7250,6625,916,872,1951,1799,0.47,0.485,590,611,1114,1159,0.53,0.527,326,261,837,640,0.389,0.408,596,421,815,549,0.731,0.767,36,33,33,20,3,13,0.917,0.606,2754,2426,0.305363915940543,0.234065036131184,0.292273788150808,0.225297670405522,1.03065535962981,0.907904830233084,0.122750529396724,0
"1","1",550,"Robert Morris","North Florida","W 81-77",2015,"1",15,1077,"2014-15",2014,15,403,"2014-15",2014,15,550,7050,7000,854,897,1926,1910,0.443,0.47,633,580,1336,1100,0.474,0.527,221,317,590,810,0.375,0.391,485,540,684,747,0.709,0.723,35,35,20,23,15,12,0.571,0.657,2414,2651,0.251794392523364,0.282764921465969,0.16560628742515,0.287918181818182,0.903413957206374,0.992108699483885,-0.0886947422775106,0
"1","1",552,"Notre Dame","Wichita State","W 81-70",2015,"1",15,60,"2014-15",2014,15,911,"2014-15",2014,15,552,7725,7050,1050,860,2061,1933,0.509,0.445,748,621,1286,1263,0.582,0.492,302,239,775,670,0.39,0.357,561,501,756,715,0.742,0.701,38,35,32,30,6,5,0.842,0.857,2963,2460,0.272174672489083,0.259293843766167,0.235031104199067,0.18938242280285,1.10887139817833,0.920628970475427,0.188242427702902,0
"0","1",559,"Wichita State","Kansas","W 78-65",2015,"1",15,911,"2014-15",2014,15,615,"2014-15",2014,15,559,7050,7225,860,869,1933,1976,0.445,0.44,621,656,1263,1414,0.492,0.464,239,213,670,562,0.357,0.379,501,610,715,842,0.701,0.724,35,36,30,27,5,9,0.857,0.75,2460,2561,0.259293843766167,0.308506072874494,0.18938242280285,0.150635077793494,0.920628970475427,0.958427151783564,-0.0377981813081374,-1
"1","1",560,"Kentucky","West Virginia","W 78-39",2015,"1",15,79,"2014-15",2014,15,668,"2014-15",2014,15,560,7873,7050,1006,872,2150,2138,0.468,0.408,803,645,1568,1419,0.512,0.455,203,227,582,719,0.349,0.316,685,571,943,863,0.726,0.662,39,35,38,25,1,10,0.974,0.714,2900,2542,0.318426976744186,0.26721515434986,0.129539540816327,0.160115574348132,1.0852943147881,0.951316602824608,0.133977711963497,0
"0","1",566,"San Diego State","St. John's (NY)","W 76-64",2015,"1",15,1837,"2014-15",2014,15,1342,"2014-15",2014,15,566,7276,6625,800,835,1916,1890,0.418,0.442,611,637,1325,1321,0.461,0.482,189,198,591,569,0.32,0.348,437,475,694,687,0.63,0.691,36,33,27,21,9,12,0.75,0.636,2226,2343,0.228194154488518,0.251173015873016,0.142732075471698,0.149895533686601,0.833056946454593,0.87684295846501,-0.0437860120104167,-1
"1","1",569,"Kansas","New Mexico St.","W 75-56",2015,"1",15,615,"2014-15",2014,15,1445,"2014-15",2014,15,569,7225,6850,869,808,1976,1748,0.44,0.462,656,643,1414,1298,0.464,0.495,213,165,562,450,0.379,0.367,610,535,842,771,0.724,0.694,36,34,27,23,9,11,0.75,0.676,2561,2316,0.308506072874494,0.306106407322654,0.150635077793494,0.127234206471495,0.958427151783564,0.866738494154914,0.0916886576286502,0
"0","0",579,"Texas Southern","Arizona","L 72-93",2015,"0",15,1161,"2014-15",2014,15,76,"2014-15",2014,15,579,7152,7625,818,1009,1840,2068,0.445,0.488,633,816,1266,1532,0.5,0.533,185,193,574,536,0.322,0.36,569,700,861,974,0.661,0.719,35,38,22,34,13,4,0.629,0.895,2390,2911,0.309304891304348,0.338639264990329,0.145993680884676,0.125953002610966,0.894432211152955,1.08941094839592,-0.194978737242966,0
"0","0",581,"Coastal Caro.","Wisconsin","L 72-86",2015,"0",15,990,"2014-15",2014,15,80,"2014-15",2014,15,581,6798,8050,836,1014,1899,2115,0.44,0.479,608,726,1266,1325,0.48,0.548,228,288,633,790,0.36,0.365,538,584,780,765,0.69,0.763,34,40,24,36,10,4,0.706,0.9,2438,2900,0.283412322274882,0.275978723404255,0.18,0.217622641509434,0.912395703259793,1.0852943147881,-0.172898611528312,0
"1","1",583,"Wisconsin","Oregon","W 72-65",2015,"1",15,80,"2014-15",2014,15,292,"2014-15",2014,15,583,8050,7300,1014,992,2115,2143,0.479,0.463,726,729,1325,1417,0.548,0.514,288,263,790,726,0.365,0.362,584,466,765,613,0.763,0.76,40,36,36,26,4,10,0.9,0.722,2900,2713,0.275978723404255,0.217396173588427,0.217622641509434,0.185470712773465,1.0852943147881,1.01531154345522,0.069982771332888,0
"1","1",588,"Michigan State","Georgia","W 70-63",2015,"1",15,201,"2014-15",2014,15,1748,"2014-15",2014,15,588,8025,6755,1014,747,2181,1730,0.465,0.432,720,563,1418,1192,0.508,0.472,294,184,763,538,0.385,0.342,451,572,714,826,0.632,0.692,39,33,27,21,12,12,0.692,0.636,2773,2250,0.206899587345254,0.3304,0.20716149506347,0.154359060402685,1.03776590858876,0.842038692508012,0.195727216080751,0
"0","0",589,"Wichita State","Notre Dame","L 70-81",2015,"0",15,911,"2014-15",2014,15,60,"2014-15",2014,15,589,7050,7725,860,1050,1933,2061,0.445,0.509,621,748,1263,1286,0.492,0.582,239,302,670,775,0.357,0.39,501,561,715,756,0.701,0.742,35,38,30,32,5,6,0.857,0.842,2460,2963,0.259293843766167,0.272174672489083,0.18938242280285,0.235031104199067,0.920628970475427,1.10887139817833,-0.188242427702902,0
"0","0",590,"Louisville","Michigan State","L 70-76 (OT)",2015,"0",15,826,"2014-15",2014,15,201,"2014-15",2014,15,590,7249,8025,878,1014,2048,2181,0.429,0.465,680,720,1404,1418,0.484,0.508,198,294,644,763,0.307,0.385,529,451,792,714,0.668,0.632,36,39,27,27,9,12,0.75,0.692,2483,2773,0.258328125,0.206899587345254,0.140817663817664,0.20716149506347,0.929236477109953,1.03776590858876,-0.10852943147881,0
"1","1",596,"Duke","San Diego State","W 68-49",2015,"1",15,17,"2014-15",2014,15,1837,"2014-15",2014,15,596,7850,7276,1099,800,2191,1916,0.502,0.418,816,611,1459,1325,0.559,0.461,283,189,732,591,0.387,0.32,610,437,873,694,0.699,0.63,39,36,35,27,4,9,0.897,0.75,3091,2226,0.278515289821999,0.228194154488518,0.194163125428376,0.142732075471698,1.15677404379656,0.833056946454593,0.323717097341969,0
"1","1",607,"Dayton","Providence","W 66-53",2015,"1",15,986,"2014-15",2014,15,1227,"2014-15",2014,15,607,7225,6850,810,828,1755,1889,0.462,0.438,571,657,1085,1343,0.526,0.489,239,171,670,546,0.357,0.313,580,543,846,768,0.686,0.707,36,34,27,22,9,12,0.75,0.647,2439,2370,0.33068717948718,0.287440974060349,0.220451612903226,0.127250930752048,0.912769942678685,0.886947422775106,0.0258225199035791,0
"0","0",620,"Manhattan","Hampton","L 64-74",2015,"0",15,1507,"2014-15",2014,15,1323,"2014-15",2014,15,620,6700,7025,756,796,1748,1959,0.432,0.406,541,602,1108,1321,0.488,0.456,215,194,640,638,0.336,0.304,573,560,829,859,0.691,0.652,33,35,19,17,14,18,0.576,0.486,2300,2346,0.327711098398169,0.285894844308321,0.194079422382671,0.146822104466313,0.860750663452635,0.877965676721687,-0.0172150132690526,0
"1","1",623,"Kentucky","Cincinnati","W 64-51",2015,"1",15,79,"2014-15",2014,15,2310,"2014-15",2014,15,623,7873,6899,1006,761,2150,1705,0.468,0.446,803,594,1568,1198,0.512,0.496,203,167,582,507,0.349,0.329,685,424,943,633,0.726,0.67,39,34,38,23,1,11,0.974,0.676,2900,2113,0.318426976744186,0.248744868035191,0.129539540816327,0.139234557595993,1.0852943147881,0.790767892119747,0.294526422668358,0
"0","0",629,"Buffalo","West Virginia","L 62-68",2015,"0",15,905,"2014-15",2014,15,668,"2014-15",2014,15,629,6600,7050,837,872,1922,2138,0.435,0.408,638,645,1339,1419,0.476,0.455,199,227,583,719,0.341,0.316,589,571,819,863,0.719,0.662,33,35,23,25,10,10,0.697,0.714,2462,2542,0.306379292403746,0.26721515434986,0.148471247199403,0.160115574348132,0.921377449313212,0.951316602824608,-0.029939153511396,0
"1","0",640,"SMU","UCLA","L 59-60",2015,"0",15,1307,"2014-15",2014,15,541,"2014-15",2014,15,640,6825,7250,832,930,1750,2099,0.475,0.443,687,707,1350,1493,0.509,0.474,145,223,400,606,0.363,0.368,541,507,770,750,0.703,0.676,34,36,27,22,7,14,0.794,0.611,2350,2590,0.30932,0.241543592186756,0.107555555555556,0.149369055592766,0.879462634397257,0.969280094931445,-0.0898174605341879,1
"0","0",643,"Oklahoma","Michigan State","L 58-62",2015,"0",15,776,"2014-15",2014,15,201,"2014-15",2014,15,643,7050,8025,885,1014,2035,2181,0.435,0.465,649,720,1347,1418,0.482,0.508,236,294,688,763,0.343,0.385,495,451,668,714,0.741,0.632,35,39,24,27,11,12,0.686,0.692,2501,2773,0.243237346437346,0.206899587345254,0.175192279138827,0.20716149506347,0.935972786650017,1.03776590858876,-0.101793121938746,0
"0","0",659,"Virginia","Michigan State","L 54-60",2015,"0",15,1844,"2014-15",2014,15,201,"2014-15",2014,15,659,6850,8025,804,1014,1758,2181,0.457,0.465,634,720,1275,1418,0.497,0.508,170,294,483,763,0.352,0.385,446,451,614,714,0.726,0.632,34,39,30,27,4,12,0.882,0.692,2224,2773,0.253563139931741,0.206899587345254,0.133345882352941,0.20716149506347,0.832308467616809,1.03776590858876,-0.205457440971955,0
"0","0",662,"Northern Iowa","Louisville","L 53-66",2015,"0",15,1593,"2014-15",2014,15,826,"2014-15",2014,15,662,7101,7249,776,878,1618,2048,0.48,0.429,519,680,973,1404,0.533,0.484,257,198,645,644,0.398,0.307,472,529,644,792,0.733,0.668,35,36,31,27,4,9,0.886,0.75,2281,2483,0.291750309023486,0.258328125,0.263833504624872,0.140817663817664,0.853640114493678,0.929236477109953,-0.0755963626162749,0
"0","0",666,"Cincinnati","Kentucky","L 51-64",2015,"0",15,2310,"2014-15",2014,15,79,"2014-15",2014,15,666,6899,7873,761,1006,1705,2150,0.446,0.468,594,803,1198,1568,0.496,0.512,167,203,507,582,0.329,0.349,424,685,633,943,0.67,0.726,34,39,23,38,11,1,0.676,0.974,2113,2900,0.248744868035191,0.318426976744186,0.139234557595993,0.129539540816327,0.790767892119747,1.0852943147881,-0.294526422668358,0
"1","1",684,"UNC","Notre Dame","W 88-74",2016,"1",16,3,"2015-16",2015,16,310,"2015-16",2015,16,684,8000,7225,1235,972,2560,2042,0.482,0.476,1011,710,1875,1342,0.539,0.529,224,262,685,700,0.327,0.374,617,498,826,671,0.747,0.742,40,36,33,24,7,12,0.825,0.667,3311,2704,0.24102421875,0.243820763956905,0.119464,0.195081967213115,1.2391067159529,1.01194338868518,0.227163327267717,0
"1","1",685,"Villanova","Iowa","W 87-68",2016,"1",16,12,"2015-16",2015,16,616,"2015-16",2015,16,685,8025,6650,1086,906,2247,2027,0.483,0.447,739,637,1288,1308,0.574,0.487,347,269,959,719,0.362,0.374,599,480,766,669,0.782,0.717,40,33,35,22,5,11,0.875,0.667,3118,2561,0.266582999554962,0.23664183522447,0.269532608695652,0.205585626911315,1.16687850810666,0.958427151783564,0.208451356323095,0
"1","1",686,"Villanova","UNC Asheville","W 86-56",2016,"1",16,12,"2015-16",2015,16,650,"2015-16",2015,16,686,8025,6851,1086,898,2247,1973,0.483,0.455,739,703,1288,1370,0.574,0.513,347,195,959,603,0.362,0.323,599,561,766,808,0.782,0.694,40,34,35,22,5,12,0.875,0.647,3118,2552,0.266582999554962,0.284212873796249,0.269532608695652,0.142167153284672,1.16687850810666,0.955058997013532,0.211819511093127,0
"0","0",687,"Indiana","UNC","L 86-101",2016,"0",16,83,"2015-16",2015,16,3,"2015-16",2015,16,687,7025,8000,1021,1235,2034,2560,0.502,0.482,676,1011,1203,1875,0.562,0.539,345,224,831,685,0.415,0.327,504,617,688,826,0.733,0.747,35,40,27,33,8,7,0.771,0.825,2891,3311,0.247937069813176,0.24102421875,0.286670822942643,0.119464,1.08192616001807,1.2391067159529,-0.157180555934829,0
"0","1",690,"Little Rock","Purdue","W 85-83 (2OT)",2016,"1",16,811,"2015-16",2015,16,275,"2015-16",2015,16,690,7074,7075,886,960,1958,2042,0.453,0.47,620,692,1265,1311,0.49,0.528,266,268,693,731,0.384,0.367,449,538,616,723,0.729,0.744,35,35,30,26,5,9,0.857,0.743,2487,2726,0.229348314606742,0.263424094025465,0.210365217391304,0.204635392829901,0.930733434785523,1.02017665590082,-0.0894432211152956,-1
"1","0",702,"Michigan State","Middle Tenn.","L 81-90",2016,"0",16,171,"2015-16",2015,16,674,"2015-16",2015,16,702,7050,7025,1009,909,2078,2025,0.486,0.449,688,630,1339,1309,0.514,0.481,321,279,739,716,0.434,0.39,454,442,623,718,0.729,0.616,35,35,29,25,6,10,0.829,0.714,2793,2539,0.218559672762271,0.218413827160494,0.239526512322629,0.213323147440795,1.04525069696661,0.95019388456793,0.0950568123986824,1
"0","0",703,"VCU","Oklahoma","L 81-85",2016,"0",16,191,"2015-16",2015,16,65,"2015-16",2015,16,703,7250,7476,1010,1018,2238,2225,0.451,0.458,748,636,1493,1319,0.501,0.482,262,382,745,906,0.352,0.422,499,530,721,734,0.692,0.722,36,37,25,29,11,8,0.694,0.784,2781,2948,0.22293655049151,0.238178876404494,0.175646349631614,0.289865049279757,1.0407598239399,1.10325780689494,-0.0624979829550392,0
"0","0",727,"Notre Dame","UNC","L 74-88",2016,"0",16,310,"2015-16",2015,16,3,"2015-16",2015,16,727,7225,8000,972,1235,2042,2560,0.476,0.482,710,1011,1342,1875,0.529,0.539,262,224,700,685,0.374,0.327,498,617,671,826,0.742,0.747,36,40,24,33,12,7,0.667,0.825,2704,3311,0.243820763956905,0.24102421875,0.195081967213115,0.119464,1.01194338868518,1.2391067159529,-0.227163327267717,0
"0","0",734,"Texas","Northern Iowa","L 72-75",2016,"0",16,1291,"2015-16",2015,16,861,"2015-16",2015,16,734,6650,7275,814,849,1884,1864,0.432,0.455,582,551,1203,1068,0.484,0.516,232,298,681,796,0.341,0.374,495,479,743,633,0.666,0.757,33,36,20,23,13,13,0.606,0.639,2355,2475,0.262652866242038,0.25707135193133,0.193034912718205,0.278749063670412,0.88133383149172,0.926242561758814,-0.0449087302670941,0
"1","1",739,"Wichita State","Vanderbilt","W 70-50",2016,"1",16,682,"2015-16",2015,16,756,"2015-16",2015,16,739,7050,6649,867,857,2023,1879,0.429,0.456,617,584,1252,1165,0.493,0.501,250,273,771,714,0.324,0.382,551,519,768,747,0.717,0.695,35,33,26,19,9,14,0.743,0.576,2535,2506,0.272197726149283,0.27629856306546,0.199523961661342,0.234118454935622,0.948696926892361,0.93784398374448,0.010852943147881,0
"0","1",740,"Providence","USC","W 70-69",2016,"1",16,573,"2015-16",2015,16,250,"2015-16",2015,16,740,7075,6900,881,982,2093,2138,0.421,0.459,632,716,1317,1450,0.48,0.494,249,266,776,688,0.321,0.387,566,507,781,750,0.725,0.676,35,34,24,21,11,13,0.686,0.618,2577,2737,0.270532728141424,0.237137511693171,0.189138952164009,0.183624827586207,0.964414982485843,1.02429328950864,-0.059878307022792,-1
"1","1",750,"Gonzaga","Seton Hall","W 68-52",2016,"1",16,117,"2015-16",2015,16,713,"2015-16",2015,16,750,7225,6825,1011,892,2081,1999,0.486,0.446,730,686,1343,1405,0.544,0.488,281,206,738,594,0.381,0.347,537,532,708,808,0.758,0.658,36,34,28,25,8,9,0.778,0.735,2840,2522,0.257887554060548,0.265964982491246,0.209365599404319,0.146703202846975,1.06283994965456,0.943831814446759,0.119008135207799,0
"0","0",760,"Kentucky","Indiana","L 67-73",2016,"0",16,103,"2015-16",2015,16,83,"2015-16",2015,16,760,7275,7025,1028,1021,2149,2034,0.478,0.502,784,676,1483,1203,0.529,0.562,244,345,666,831,0.366,0.415,561,504,813,688,0.69,0.733,36,35,27,27,9,8,0.75,0.771,2861,2891,0.261037691949744,0.247937069813176,0.164366824005394,0.286670822942643,1.0706989774513,1.08192616001807,-0.0112271825667736,0
"0","1",763,"Wisconsin","Xavier","W 66-63",2016,"1",16,1213,"2015-16",2015,16,251,"2015-16",2015,16,763,7050,6800,816,928,1917,2054,0.426,0.452,587,673,1261,1352,0.466,0.498,229,255,656,702,0.349,0.363,512,626,728,857,0.703,0.73,35,34,22,28,13,6,0.629,0.824,2373,2737,0.266971309337507,0.304581304771178,0.181557494052339,0.188480769230769,0.888070141031784,1.02429328950864,-0.136223148476852,-1
"1","0",767,"Green Bay","Texas A&M","L 65-92",2016,"0",16,38,"2015-16",2015,16,135,"2015-16",2015,16,767,7275,7500,1048,991,2350,2208,0.446,0.449,793,710,1620,1384,0.49,0.513,255,281,730,824,0.349,0.341,662,565,1007,841,0.657,0.672,36,37,23,28,13,9,0.639,0.757,3013,2828,0.281531489361702,0.25595652173913,0.157265432098765,0.203023121387283,1.12758336912295,1.05834907662785,0.0692342924951033,1
"1","1",771,"Villanova","Kansas","W 64-59",2016,"1",16,12,"2015-16",2015,16,21,"2015-16",2015,16,771,8025,7700,1086,1092,2247,2207,0.483,0.495,739,788,1288,1479,0.574,0.533,347,304,959,728,0.362,0.418,599,601,766,843,0.782,0.713,40,38,35,33,5,5,0.875,0.868,3118,3089,0.266582999554962,0.272342093339375,0.269532608695652,0.205749830966869,1.16687850810666,1.15602556495878,0.010852943147881,0
"0","0",777,"Tulsa","Michigan","L 62-67",2016,"0",16,1285,"2015-16",2015,16,391,"2015-16",2015,16,777,6450,7225,821,947,1849,2048,0.444,0.462,602,605,1178,1147,0.511,0.527,219,342,671,901,0.326,0.38,495,420,731,569,0.677,0.738,32,36,20,23,12,13,0.625,0.639,2356,2656,0.267651162790698,0.2050400390625,0.185692699490662,0.298500435919791,0.881708070910612,0.993979896578347,-0.112271825667735,0
"0","0",779,"Texas Tech","Butler","L 61-71",2016,"0",16,1488,"2015-16",2015,16,425,"2015-16",2015,16,779,6475,6625,785,918,1754,1969,0.448,0.466,600,682,1220,1368,0.492,0.499,185,236,534,601,0.346,0.393,550,566,741,774,0.742,0.731,32,33,19,22,13,11,0.594,0.667,2305,2638,0.313467502850627,0.28735093956323,0.151445901639344,0.172655701754386,0.862621860547097,0.987243587038283,-0.124621726491186,0
"0","0",780,"Little Rock","Iowa State","L 61-78",2016,"0",16,811,"2015-16",2015,16,102,"2015-16",2015,16,780,7074,7075,886,1087,1958,2159,0.453,0.503,620,794,1265,1401,0.49,0.567,266,293,693,758,0.384,0.387,449,395,616,563,0.729,0.702,35,35,30,23,5,12,0.857,0.657,2487,2862,0.229348314606742,0.183059749884206,0.210365217391304,0.20938329764454,0.930733434785523,1.07107321687019,-0.140339782084669,0
"0","0",781,"UConn","Kansas","L 61-73",2016,"0",16,441,"2015-16",2015,16,21,"2015-16",2015,16,781,7302,7700,944,1092,2078,2207,0.454,0.495,689,788,1379,1479,0.5,0.533,255,304,699,728,0.365,0.418,488,601,615,843,0.793,0.713,36,38,25,33,11,5,0.694,0.868,2631,3089,0.234694417709336,0.272342093339375,0.185014503263234,0.205749830966869,0.984623911106036,1.15602556495878,-0.171401653852742,0
"0","1",785,"Holy Cross","Southern","W 59-55",2016,"1",16,1669,"2015-16",2015,16,684,"2015-16",2015,16,785,7125,7000,775,909,1879,2046,0.412,0.444,524,698,1110,1436,0.472,0.486,251,211,769,610,0.326,0.346,466,505,678,754,0.687,0.67,35,35,15,22,20,13,0.429,0.629,2267,2534,0.247890367216605,0.246911045943304,0.22585045045045,0.146977715877437,0.848400762629184,0.948322687473468,-0.0999219248442841,-1
"0","0",786,"Utah","Gonzaga","L 59-82",2016,"0",16,197,"2015-16",2015,16,117,"2015-16",2015,16,786,7301,7225,977,1011,2000,2081,0.489,0.486,704,730,1254,1343,0.561,0.544,273,281,746,738,0.366,0.381,551,537,764,708,0.721,0.758,36,36,27,28,9,8,0.75,0.778,2778,2840,0.275422,0.257887554060548,0.217732057416268,0.209365599404319,1.03963710568323,1.06283994965456,-0.0232028439713319,0
"0","0",788,"Stony Brook","Kentucky","L 57-85",2016,"0",16,730,"2015-16",2015,16,103,"2015-16",2015,16,788,6625,7275,933,1028,1992,2149,0.468,0.478,713,784,1394,1483,0.511,0.529,220,244,598,666,0.368,0.366,429,561,637,813,0.673,0.69,33,36,26,27,7,9,0.788,0.75,2515,2861,0.215211345381526,0.261037691949744,0.157865136298422,0.164366824005394,0.941212138514512,1.0706989774513,-0.129486838936788,0
"0","0",789,"Wichita State","Miami (FL)","L 57-65",2016,"0",16,682,"2015-16",2015,16,436,"2015-16",2015,16,789,7050,7026,867,907,2023,1895,0.429,0.479,617,666,1252,1252,0.493,0.532,250,241,771,643,0.324,0.375,551,578,768,772,0.717,0.749,35,35,26,27,9,8,0.743,0.771,2535,2633,0.272197726149283,0.305133509234828,0.199523961661342,0.192591853035144,0.948696926892361,0.985372389943821,-0.0366754630514601,0
"1","0",793,"Southern","Holy Cross","L 55-59",2016,"0",16,684,"2015-16",2015,16,1669,"2015-16",2015,16,793,7000,7125,909,775,2046,1879,0.444,0.412,698,524,1436,1110,0.486,0.472,211,251,610,769,0.346,0.326,505,466,754,678,0.67,0.687,35,35,22,15,13,20,0.629,0.429,2534,2267,0.246911045943304,0.247890367216605,0.146977715877437,0.22585045045045,0.948322687473468,0.848400762629184,0.0999219248442841,1
"1","0",794,"Arizona","Wichita State","L 55-65",2016,"0",16,255,"2015-16",2015,16,682,"2015-16",2015,16,794,6950,7050,946,867,1970,2023,0.48,0.429,725,617,1390,1252,0.522,0.493,221,250,580,771,0.381,0.324,622,551,863,768,0.721,0.717,34,35,25,26,9,9,0.735,0.743,2735,2535,0.31584923857868,0.272197726149283,0.158978417266187,0.199523961661342,1.02354481067085,0.948696926892361,0.0748478837784899,1
"0","0",796,"Seton Hall","Gonzaga","L 52-68",2016,"0",16,713,"2015-16",2015,16,117,"2015-16",2015,16,796,6825,7225,892,1011,1999,2081,0.446,0.486,686,730,1405,1343,0.488,0.544,206,281,594,738,0.347,0.381,532,537,808,708,0.658,0.758,34,36,25,28,9,8,0.735,0.778,2522,2840,0.265964982491246,0.257887554060548,0.146703202846975,0.209365599404319,0.943831814446759,1.06283994965456,-0.119008135207799,0
"0","0",799,"Oklahoma","Villanova","L 51-95",2016,"0",16,65,"2015-16",2015,16,12,"2015-16",2015,16,799,7476,8025,1018,1086,2225,2247,0.458,0.483,636,739,1319,1288,0.482,0.574,382,347,906,959,0.422,0.362,530,599,734,766,0.722,0.782,37,40,29,35,8,5,0.784,0.875,2948,3118,0.238178876404494,0.266582999554962,0.289865049279757,0.269532608695652,1.10325780689494,1.16687850810666,-0.0636207012117165,0
"0","0",803,"Hampton","Virginia","L 45-81",2016,"0",16,1253,"2015-16",2015,16,460,"2015-16",2015,16,803,6525,7425,810,964,1967,1964,0.412,0.491,604,740,1289,1407,0.469,0.526,206,224,678,557,0.304,0.402,537,474,815,630,0.659,0.752,32,37,21,29,11,8,0.656,0.784,2363,2626,0.273047788510422,0.24122199592668,0.159900698215671,0.159142857142857,0.884327746842859,0.982752714011573,-0.0984249671687143,0
"1","1",806,"Arizona","North Dakota","W 100-82",2017,"1",17,129,"2016-17",2016,17,570,"2016-17",2016,17,806,7400,6500,977,926,2048,1919,0.477,0.483,733,698,1423,1334,0.515,0.523,244,228,625,585,0.39,0.39,635,498,830,698,0.765,0.713,37,32,32,22,5,10,0.865,0.688,2833,2578,0.3100341796875,0.259340281396561,0.171293042867182,0.171026986506747,1.06022027372231,0.964789221904736,0.0954310518175746,0
"1","1",811,"Oregon","Iona","W 93-77",2017,"1",17,25,"2016-17",2016,17,155,"2016-17",2016,17,811,7825,7075,1091,979,2270,2155,0.481,0.454,757,637,1390,1293,0.545,0.493,334,342,880,862,0.38,0.397,560,513,787,668,0.712,0.768,39,35,33,22,6,13,0.846,0.629,3076,2813,0.246847577092511,0.238062180974478,0.240575539568345,0.264666666666667,1.15116045251318,1.05273548534446,0.0984249671687143,0
"1","0",816,"Oklahoma State","Michigan","L 91-92",2017,"0",17,136,"2016-17",2016,17,109,"2016-17",2016,17,816,6601,7675,957,1002,2050,2076,0.467,0.483,663,641,1318,1139,0.503,0.563,294,361,732,937,0.402,0.385,620,486,786,624,0.789,0.779,33,38,20,26,13,12,0.606,0.684,2828,2851,0.302514146341463,0.234150289017341,0.223265553869499,0.316720807726076,1.05834907662785,1.06695658326237,-0.00860750663452636,1
"1","1",827,"Wisconsin","Virginia Tech","W 84-74",2017,"1",17,358,"2016-17",2016,17,498,"2016-17",2016,17,827,7500,6650,971,887,2135,1813,0.455,0.489,688,597,1347,1093,0.511,0.546,283,290,788,720,0.359,0.403,453,546,703,741,0.644,0.737,37,33,27,22,10,11,0.73,0.667,2678,2610,0.212052459016393,0.301222835079978,0.210016332590943,0.265471180237877,1.00221316379398,0.976764883309294,0.0254482804846866,0
"0","1",828,"Rhode Island","Creighton","W 84-72",2017,"1",17,574,"2016-17",2016,17,101,"2016-17",2016,17,828,7025,7000,916,1078,2019,2137,0.454,0.504,699,774,1366,1371,0.512,0.565,217,304,653,766,0.332,0.397,528,404,791,592,0.668,0.682,35,35,25,25,10,10,0.714,0.714,2577,2864,0.261707776126795,0.188930276087974,0.158708638360176,0.221810357403355,0.964414982485843,1.07182169570798,-0.107406713222133,-1
"1","1",835,"Middle Tenn.","Minnesota","W 81-72",2017,"1",17,322,"2016-17",2016,17,637,"2016-17",2016,17,835,7225,6950,1014,887,2077,2037,0.488,0.435,786,678,1455,1427,0.54,0.475,228,209,622,610,0.367,0.343,441,573,631,806,0.699,0.711,36,34,31,24,5,10,0.861,0.706,2697,2556,0.212358690418873,0.281328424153166,0.156889347079038,0.146622284512964,1.00932371275294,0.956555954689102,0.0527677580638355,0
"0","0",838,"Fla. Gulf Coast","Florida State","L 80-86",2017,"0",17,316,"2016-17",2016,17,93,"2016-17",2016,17,838,6850,7000,1007,1036,2017,2146,0.499,0.483,786,803,1381,1475,0.569,0.544,221,233,636,671,0.347,0.347,466,568,664,824,0.702,0.689,34,35,26,26,8,9,0.765,0.743,2701,2873,0.231099652949926,0.264555452003728,0.159805937726285,0.157855593220339,1.01082067042851,1.07518985047801,-0.0643691800495014,0
"1","1",839,"Purdue","Vermont","W 80-70",2017,"1",17,174,"2016-17",2016,17,591,"2016-17",2016,17,839,7075,6999,980,943,2044,1909,0.479,0.494,665,714,1262,1288,0.527,0.554,315,229,782,621,0.403,0.369,515,456,680,651,0.757,0.7,35,35,27,29,8,6,0.771,0.829,2790,2571,0.251839530332681,0.238711367207962,0.249719492868463,0.177910714285714,1.04412797870994,0.962169545972489,0.0819584327374466,0
"1","1",847,"Louisville","Jacksonville St.","W 78-63",2017,"1",17,453,"2016-17",2016,17,1001,"2016-17",2016,17,847,6850,7050,952,857,2085,1869,0.457,0.459,714,599,1415,1184,0.505,0.506,238,258,670,685,0.355,0.377,486,462,708,647,0.686,0.714,34,35,25,20,9,15,0.735,0.571,2628,2434,0.232943884892086,0.247168539325843,0.168091872791519,0.218112331081081,0.983501192849358,0.910898745584223,0.0726024472651352,0
"1","0",850,"VCU","Saint Mary's","L 77-85",2017,"0",17,485,"2016-17",2016,17,945,"2016-17",2016,17,850,7100,6800,945,892,2050,1797,0.461,0.496,746,599,1448,1053,0.515,0.569,199,293,602,744,0.331,0.394,527,372,747,499,0.705,0.745,35,34,26,29,9,5,0.743,0.853,2616,2449,0.256895121951219,0.206875347801892,0.137611878453039,0.278381766381766,0.979010319822649,0.91651233686761,0.0624979829550392,1
"1","1",851,"Arkansas","Seton Hall","W 77-71",2017,"1",17,105,"2016-17",2016,17,1063,"2016-17",2016,17,851,7200,6675,997,872,2165,1949,0.461,0.447,764,670,1527,1351,0.5,0.496,233,202,638,598,0.365,0.338,628,471,825,733,0.761,0.643,36,33,26,21,10,12,0.722,0.636,2855,2417,0.289988452655889,0.241826064648538,0.152501637197119,0.149610658771281,1.06845354093794,0.904536675463051,0.163916865474893,0
"0","1",853,"South Carolina","Florida","W 77-70",2017,"1",17,303,"2016-17",2016,17,164,"2016-17",2016,17,853,7525,7275,924,953,2197,2119,0.421,0.45,676,675,1464,1343,0.462,0.503,248,278,733,776,0.338,0.358,611,620,874,851,0.699,0.729,37,36,26,27,11,9,0.703,0.75,2707,2804,0.278072826581702,0.292769702689948,0.16923087431694,0.206856291883842,1.01306610694186,1.04936733057443,-0.0363012236325677,-1
"1","1",863,"Cincinnati","Kansas State","W 75-61",2017,"1",17,366,"2016-17",2016,17,710,"2016-17",2016,17,863,7250,7025,969,869,2116,1883,0.458,0.461,705,622,1352,1200,0.521,0.518,264,247,764,683,0.346,0.362,472,538,688,775,0.686,0.694,36,35,30,21,6,14,0.833,0.6,2674,2523,0.223047258979206,0.285634625597451,0.195520710059172,0.206038333333333,1.00071620611841,0.944206053865651,0.05651015225276,0
"0","0",867,"Virginia Tech","Wisconsin","L 74-84",2017,"0",17,498,"2016-17",2016,17,358,"2016-17",2016,17,867,6650,7500,887,971,1813,2135,0.489,0.455,597,688,1093,1347,0.546,0.511,290,283,720,788,0.403,0.359,546,453,741,703,0.737,0.644,33,37,22,27,11,10,0.667,0.73,2610,2678,0.301222835079978,0.212052459016393,0.265471180237877,0.210016332590943,0.976764883309294,1.00221316379398,-0.0254482804846866,0
"1","0",871,"New Mexico St.","Baylor","L 73-91",2017,"0",17,357,"2016-17",2016,17,655,"2016-17",2016,17,871,6825,7000,913,921,1957,1956,0.467,0.471,661,691,1210,1315,0.546,0.525,252,230,747,641,0.337,0.359,600,478,843,661,0.712,0.723,34,35,28,27,6,8,0.824,0.771,2678,2550,0.306702095043434,0.244326687116564,0.208048760330579,0.174995437262357,1.00221316379398,0.954310518175747,0.0479026456182335,1
"0","0",872,"Marquette","South Carolina","L 73-93",2017,"0",17,443,"2016-17",2016,17,303,"2016-17",2016,17,872,6425,7525,919,924,1888,2197,0.487,0.421,583,676,1105,1464,0.528,0.462,336,248,783,733,0.429,0.338,457,611,585,874,0.781,0.699,32,37,19,26,13,11,0.594,0.703,2631,2707,0.241994173728814,0.278072826581702,0.303988235294118,0.16923087431694,0.984623911106036,1.01306610694186,-0.0284421958358261,0
"0","1",875,"Xavier","Arizona","W 73-71",2017,"1",17,124,"2016-17",2016,17,129,"2016-17",2016,17,875,7625,7400,981,977,2148,2048,0.457,0.477,714,733,1372,1423,0.52,0.515,267,244,776,625,0.344,0.39,607,635,881,830,0.689,0.765,38,37,24,32,14,5,0.632,0.865,2836,2833,0.282592644320298,0.3100341796875,0.194565597667638,0.171293042867182,1.06134299197899,1.06022027372231,0.00112271825667754,-1
"1","0",879,"Creighton","Rhode Island","L 72-84",2017,"0",17,101,"2016-17",2016,17,574,"2016-17",2016,17,879,7000,7025,1078,916,2137,2019,0.504,0.454,774,699,1371,1366,0.565,0.512,304,217,766,653,0.397,0.332,404,528,592,791,0.682,0.668,35,35,25,25,10,10,0.714,0.714,2864,2577,0.188930276087974,0.261707776126795,0.221810357403355,0.158708638360176,1.07182169570798,0.964414982485843,0.107406713222133,1
"1","1",880,"UNC","Arkansas","W 72-65",2017,"1",17,2,"2016-17",2016,17,105,"2016-17",2016,17,880,8025,7200,1226,997,2633,2165,0.466,0.461,943,764,1835,1527,0.514,0.5,283,233,798,638,0.355,0.365,642,628,916,825,0.701,0.761,40,36,33,26,7,10,0.825,0.722,3377,2855,0.243872388909989,0.289988452655889,0.154381471389646,0.152501637197119,1.2638065175998,1.06845354093794,0.195352976661859,0
"1","0",883,"UNC Wilmington","Virginia","L 71-76",2017,"0",17,57,"2016-17",2016,17,1767,"2016-17",2016,17,883,7025,6900,1071,839,2231,1823,0.48,0.46,735,607,1314,1221,0.559,0.497,336,232,917,602,0.366,0.385,489,336,708,474,0.691,0.709,35,34,29,23,6,11,0.829,0.676,2967,2246,0.219286418646347,0.184347778387274,0.255420091324201,0.18981981981982,1.1103683558539,0.840541734832443,0.269826621021456,1
"0","0",888,"Vermont","Purdue","L 70-80",2017,"0",17,591,"2016-17",2016,17,174,"2016-17",2016,17,888,6999,7075,943,980,1909,2044,0.494,0.479,714,665,1288,1262,0.554,0.527,229,315,621,782,0.369,0.403,456,515,651,680,0.7,0.757,35,35,29,27,6,8,0.829,0.771,2571,2790,0.238711367207962,0.251839530332681,0.177910714285714,0.249719492868463,0.962169545972489,1.04412797870994,-0.0819584327374466,0
"1","1",891,"South Carolina","Baylor","W 70-50",2017,"1",17,303,"2016-17",2016,17,655,"2016-17",2016,17,891,7525,7000,924,921,2197,1956,0.421,0.471,676,691,1464,1315,0.462,0.525,248,230,733,641,0.338,0.359,611,478,874,661,0.699,0.723,37,35,26,27,11,8,0.703,0.771,2707,2550,0.278072826581702,0.244326687116564,0.16923087431694,0.174995437262357,1.01306610694186,0.954310518175747,0.0587555887661145,0
"1","1",896,"Northwestern","Vanderbilt","W 68-66",2017,"1",17,630,"2016-17",2016,17,808,"2016-17",2016,17,896,7200,7025,913,815,2094,1896,0.436,0.43,657,469,1347,975,0.488,0.481,256,346,747,921,0.343,0.376,476,513,637,660,0.747,0.777,36,35,24,19,12,16,0.667,0.543,2558,2489,0.227239255014327,0.270474683544304,0.190216035634744,0.355175384615385,0.957304433526887,0.931481913623308,0.0258225199035791,0
"0","0",901,"New Orleans","Mt. St. Mary's","L 66-67",2017,"0",17,1393,"2016-17",2016,17,962,"2016-17",2016,17,901,6500,7225,830,877,1755,1977,0.473,0.444,691,616,1317,1247,0.525,0.494,139,261,438,730,0.317,0.358,532,431,749,640,0.71,0.673,32,36,20,20,12,16,0.625,0.556,2331,2446,0.303014245014245,0.21786545270612,0.105425968109339,0.209574979951885,0.872352085438301,0.915389618610932,-0.0430375331726317,0
"1","0",910,"SMU","USC","L 65-66",2017,"0",17,517,"2016-17",2016,17,151,"2016-17",2016,17,910,7000,7227,914,975,1934,2139,0.473,0.456,628,692,1229,1357,0.511,0.51,286,283,705,782,0.406,0.362,485,583,696,787,0.697,0.741,35,36,30,26,5,10,0.857,0.722,2599,2816,0.250833505687694,0.272635343618513,0.232896663954435,0.208610169491525,0.972648249701477,1.05385820360114,-0.0812099538996617,1
"0","0",919,"Texas Southern","UNC","L 64-103",2017,"0",17,533,"2016-17",2016,17,2,"2016-17",2016,17,919,7050,8025,866,1226,2015,2633,0.43,0.466,661,943,1322,1835,0.5,0.514,205,283,693,798,0.296,0.355,656,642,893,916,0.735,0.701,35,40,23,33,12,7,0.657,0.825,2593,3377,0.325734491315136,0.243872388909989,0.155164901664145,0.154381471389646,0.970402813188123,1.2638065175998,-0.293403704411681,0
"0","0",921,"Jacksonville St.","Louisville","L 63-78",2017,"0",17,1001,"2016-17",2016,17,453,"2016-17",2016,17,921,7050,6850,857,952,1869,2085,0.459,0.457,599,714,1184,1415,0.506,0.505,258,238,685,670,0.377,0.355,462,486,647,708,0.714,0.686,35,34,20,25,15,9,0.571,0.735,2434,2628,0.247168539325843,0.232943884892086,0.218112331081081,0.168091872791519,0.910898745584223,0.983501192849358,-0.0726024472651352,0
"0","0",924,"Wichita State","Kentucky","L 62-65",2017,"0",17,72,"2016-17",2016,17,6,"2016-17",2016,17,924,7200,7625,992,1134,2114,2396,0.469,0.473,682,867,1345,1639,0.507,0.529,310,267,769,757,0.403,0.353,622,690,848,980,0.733,0.704,36,38,31,32,5,6,0.861,0.842,2916,3225,0.294032166508988,0.287946577629382,0.230414126394052,0.163039048200122,1.09128214549038,1.20692212592815,-0.115639980437767,0
"0","0",931,"Princeton","Notre Dame","L 58-60",2017,"0",17,2160,"2016-17",2016,17,182,"2016-17",2016,17,931,6025,7226,772,980,1716,2139,0.45,0.458,474,646,927,1270,0.511,0.509,298,334,789,869,0.378,0.384,307,489,416,611,0.738,0.8,30,36,23,26,7,10,0.767,0.722,2149,2783,0.178909090909091,0.228517999064984,0.321728155339806,0.262752755905512,0.804240511199875,1.04150830277769,-0.237267791577813,0
"0","0",932,"Dayton","Wichita State","L 58-64",2017,"0",17,1022,"2016-17",2016,17,72,"2016-17",2016,17,932,6425,7200,820,992,1763,2114,0.465,0.469,562,682,1092,1345,0.515,0.507,258,310,671,769,0.385,0.403,530,622,768,848,0.69,0.733,32,36,24,31,8,5,0.75,0.861,2428,2916,0.300578559273965,0.294032166508988,0.236570512820513,0.230414126394052,0.908653309070868,1.09128214549038,-0.182628836419516,0
"0","0",933,"Miami (FL)","Michigan State","L 58-78",2017,"0",17,1611,"2016-17",2016,17,731,"2016-17",2016,17,933,6625,7025,813,905,1800,1927,0.452,0.47,604,632,1213,1195,0.498,0.529,209,273,587,732,0.356,0.373,443,432,617,646,0.718,0.669,33,35,21,20,12,15,0.636,0.571,2278,2515,0.246114444444444,0.224272963155163,0.172276999175598,0.228482008368201,0.852517396237001,0.941212138514512,-0.0886947422775106,0
"1","1",939,"Xavier","Texas Southern","W 102-83",2018,"1",18,64,"2017-18",2017,18,179,"2017-18",2017,18,939,7075,7251,1011,925,2055,2111,0.492,0.438,737,645,1319,1330,0.559,0.485,274,280,736,781,0.372,0.359,657,657,843,906,0.779,0.725,35,36,29,16,6,20,0.829,0.444,2953,2787,0.319560583941606,0.311155850307911,0.207575435936315,0.210811278195489,1.1051290039894,1.04300526045326,0.0621237435361468,0
"1","1",945,"Gonzaga","Ohio State","W 90-84",2018,"1",18,18,"2017-18",2017,18,539,"2017-18",2017,18,945,7497,6875,1125,951,2261,1980,0.498,0.48,797,712,1370,1302,0.582,0.547,328,239,891,678,0.368,0.353,513,450,725,616,0.708,0.731,37,34,32,25,5,9,0.865,0.735,3091,2591,0.22702344095533,0.227422222222222,0.239334306569343,0.183820276497696,1.15677404379656,0.969654334350338,0.187119709446225,0
"1","1",950,"Nevada","Texas","W 87-83 (OT)",2018,"1",18,27,"2017-18",2017,18,939,"2017-18",2017,18,950,7500,7050,1049,882,2238,2010,0.469,0.439,695,637,1334,1244,0.521,0.512,354,245,904,766,0.392,0.32,603,441,812,663,0.743,0.665,37,34,29,19,8,15,0.784,0.559,3055,2450,0.269578194816801,0.219350746268657,0.265643178410795,0.197041800643087,1.14330142471643,0.916886576286502,0.226414848429932,0
"0","0",962,"Texas","Nevada","L 83-87 (OT)",2018,"0",18,939,"2017-18",2017,18,27,"2017-18",2017,18,962,7050,7500,882,1049,2010,2238,0.439,0.469,637,695,1244,1334,0.512,0.521,245,354,766,904,0.32,0.392,441,603,663,812,0.665,0.743,34,37,19,29,15,8,0.559,0.784,2450,3055,0.219350746268657,0.269578194816801,0.197041800643087,0.265643178410795,0.916886576286502,1.14330142471643,-0.226414848429932,0
"0","0",963,"Texas Southern","Xavier","L 83-102",2018,"0",18,179,"2017-18",2017,18,64,"2017-18",2017,18,963,7251,7075,925,1011,2111,2055,0.438,0.492,645,737,1330,1319,0.485,0.559,280,274,781,736,0.359,0.372,657,657,906,843,0.725,0.779,36,35,16,29,20,6,0.444,0.829,2787,2953,0.311155850307911,0.319560583941606,0.210811278195489,0.207575435936315,1.04300526045326,1.1051290039894,-0.0621237435361468,0
"1","1",968,"Villanova","Alabama","W 81-58",2018,"1",18,1,"2017-18",2017,18,510,"2017-18",2017,18,968,8075,7177,1220,910,2440,1975,0.5,0.461,756,681,1282,1273,0.59,0.535,464,229,1158,702,0.401,0.326,559,555,718,828,0.779,0.67,40,36,36,20,4,16,0.9,0.556,3463,2604,0.229230327868852,0.280891139240506,0.362213728549142,0.179773762765122,1.29599110762455,0.97451944679594,0.321471660828614,0
"0","0",976,"Oklahoma","Rhode Island","L 78-83 (OT)",2018,"0",18,285,"2017-18",2017,18,559,"2017-18",2017,18,976,6475,6849,954,954,2063,2096,0.462,0.455,654,718,1227,1426,0.533,0.504,300,236,836,670,0.359,0.352,510,439,684,630,0.746,0.697,32,34,18,26,14,8,0.563,0.765,2718,2583,0.247340765874939,0.209499045801527,0.244599837000815,0.165385694249649,1.01718274054968,0.966660418999198,0.0505223215504808,0
"1","1",981,"Loyola (IL)","Kansas State","W 78-62",2018,"1",18,281,"2017-18",2017,18,448,"2017-18",2017,18,981,7600,7425,995,937,1963,2025,0.507,0.463,718,683,1263,1280,0.568,0.534,277,254,700,745,0.396,0.341,454,502,626,684,0.725,0.734,38,37,32,25,6,12,0.842,0.676,2721,2630,0.231202241467142,0.247928888888889,0.219477434679335,0.19847265625,1.01830545880636,0.984249671687143,0.034055787119213,0
"1","1",988,"Nevada","Cincinnati","W 75-73",2018,"1",18,27,"2017-18",2017,18,367,"2017-18",2017,18,988,7500,7200,1049,944,2238,2100,0.469,0.45,695,682,1334,1358,0.521,0.502,354,262,904,742,0.392,0.353,603,523,812,756,0.743,0.692,37,36,29,31,8,5,0.784,0.861,3055,2673,0.269578194816801,0.24912,0.265643178410795,0.192876288659794,1.14330142471643,1.00034196669952,0.142959458016916,0
"1","1",991,"Purdue","Cal St Fullerton","W 74-48",2018,"1",18,55,"2017-18",2017,18,1438,"2017-18",2017,18,991,7425,6450,1033,804,2097,1721,0.493,0.467,680,637,1257,1221,0.541,0.522,353,167,840,500,0.42,0.334,555,543,747,745,0.743,0.729,37,32,30,20,7,12,0.811,0.625,2974,2318,0.264673819742489,0.315575246949448,0.280668257756563,0.136773136773137,1.11298803178615,0.867486972992699,0.245501058793447,0
"1","1",992,"UMBC","Virginia","W 74-54",2018,"1",18,446,"2017-18",2017,18,1582,"2017-18",2017,18,992,7200,6825,926,848,2088,1844,0.443,0.46,562,601,1148,1199,0.49,0.501,364,247,940,645,0.387,0.383,414,340,641,451,0.646,0.754,36,34,25,31,11,3,0.694,0.912,2630,2283,0.198317049808429,0.184411062906725,0.316881533101045,0.206034195162636,0.984249671687143,0.854388593331463,0.12986107835568,0
"0","0",997,"Butler","Purdue","L 73-76",2018,"0",18,216,"2017-18",2017,18,55,"2017-18",2017,18,997,7150,7425,1020,1033,2155,2097,0.473,0.493,733,680,1350,1257,0.543,0.541,287,353,805,840,0.357,0.42,436,555,562,747,0.776,0.743,35,37,21,30,14,7,0.6,0.811,2763,2974,0.202372157772622,0.264673819742489,0.212877777777778,0.280668257756563,1.03402351439984,1.11298803178615,-0.0789645173863069,0
"1","0",1015,"New Mexico St.","Clemson","L 68-79",2018,"0",18,588,"2017-18",2017,18,556,"2017-18",2017,18,1015,6825,7051,963,899,2104,1971,0.458,0.456,705,611,1331,1185,0.53,0.516,258,288,773,786,0.334,0.366,388,498,603,660,0.643,0.755,34,35,28,25,6,10,0.824,0.714,2572,2584,0.184281844106464,0.252815829528158,0.193975957926371,0.242764556962025,0.962543785391381,0.967034658418091,-0.00449087302670936,1
"1","1",1019,"Florida State","Missouri","W 67-54",2018,"1",18,162,"2017-18",2017,18,1135,"2017-18",2017,18,1019,7099,6651,994,794,2125,1765,0.468,0.45,721,488,1344,966,0.536,0.505,273,306,781,799,0.35,0.383,543,505,786,688,0.691,0.734,35,33,23,20,12,13,0.657,0.606,2806,2399,0.255588705882353,0.286114447592068,0.203385416666667,0.316787784679089,1.05011580941221,0.897800365922987,0.152315443489227,0
"0","0",1020,"Lipscomb","UNC","L 66-84",2018,"0",18,299,"2017-18",2017,18,35,"2017-18",2017,18,1020,6700,7425,924,1105,2040,2417,0.453,0.457,657,800,1227,1568,0.535,0.51,267,305,813,849,0.328,0.359,593,503,826,677,0.718,0.743,33,37,23,26,10,11,0.697,0.703,2708,3018,0.290719607843137,0.208113777410012,0.217330073349633,0.194382015306122,1.01344034636075,1.12945456621741,-0.116014219856659,0
"0","0",1021,"Florida","Texas Tech","L 66-69",2018,"0",18,576,"2017-18",2017,18,225,"2017-18",2017,18,1021,6874,7450,893,964,2065,2096,0.432,0.46,585,712,1233,1394,0.474,0.511,308,252,832,702,0.37,0.359,483,579,673,823,0.718,0.704,34,37,21,27,13,10,0.618,0.73,2577,2759,0.234001937046005,0.276427480916031,0.249667477696675,0.180787661406026,0.964414982485843,1.03252655672427,-0.068111574238426,0
"1","0",1024,"UNC","Texas A&M","L 65-86",2018,"0",18,35,"2017-18",2017,18,444,"2017-18",2017,18,1024,7425,7001,1105,976,2417,2121,0.457,0.46,800,746,1568,1421,0.51,0.525,305,230,849,700,0.359,0.329,503,449,677,679,0.743,0.661,37,35,26,22,11,13,0.703,0.629,3018,2631,0.208113777410012,0.211607260726073,0.194382015306122,0.162068965517241,1.12945456621741,0.984623911106036,0.144830655111378,1
"1","0",1026,"Purdue","Texas Tech","L 65-78",2018,"0",18,55,"2017-18",2017,18,225,"2017-18",2017,18,1026,7425,7450,1033,964,2097,2096,0.493,0.46,680,712,1257,1394,0.541,0.511,353,252,840,702,0.42,0.359,555,579,747,823,0.743,0.704,37,37,30,27,7,10,0.811,0.73,2974,2759,0.264673819742489,0.276427480916031,0.280668257756563,0.180787661406026,1.11298803178615,1.03252655672427,0.0804614750618766,1
"1","0",1034,"St. Bonaventure","Florida","L 62-77",2018,"0",18,477,"2017-18",2017,18,576,"2017-18",2017,18,1034,6898,6874,884,893,1959,2065,0.451,0.432,629,585,1298,1233,0.485,0.474,255,308,661,832,0.386,0.37,597,483,794,673,0.752,0.718,34,34,26,21,8,13,0.765,0.618,2620,2577,0.304792240939255,0.234001937046005,0.196568567026194,0.249667477696675,0.980507277498219,0.964414982485843,0.0160922950123753,1
"1","0",1035,"Arkansas","Butler","L 62-79",2018,"0",18,144,"2017-18",2017,18,216,"2017-18",2017,18,1035,7075,7150,1005,1020,2119,2155,0.474,0.473,736,733,1438,1350,0.512,0.543,269,287,681,805,0.395,0.357,540,436,793,562,0.681,0.776,35,35,23,21,12,14,0.657,0.6,2819,2763,0.254852760736196,0.202372157772622,0.187061891515994,0.212877777777778,1.05498092185782,1.03402351439984,0.0209574074579773,1
"0","0",1042,"Radford","Villanova","L 61-87",2018,"0",18,1047,"2017-18",2017,18,1,"2017-18",2017,18,1042,7325,8075,850,1220,2000,2440,0.425,0.5,573,756,1207,1282,0.475,0.59,277,464,793,1158,0.349,0.401,445,559,614,718,0.725,0.779,36,40,23,36,13,4,0.639,0.9,2422,3463,0.222575,0.229230327868852,0.229293289146645,0.362213728549142,0.906407872557514,1.29599110762455,-0.38958323506704,0
"1","1",1043,"Michigan","Montana","W 61-47",2018,"1",18,34,"2017-18",2017,18,461,"2017-18",2017,18,1043,8275,6900,1092,944,2335,2021,0.468,0.467,731,758,1324,1472,0.552,0.515,361,186,1011,549,0.357,0.339,474,551,717,780,0.661,0.706,41,34,33,26,8,8,0.805,0.765,3019,2625,0.202970877944325,0.272478970806531,0.272603474320242,0.12643410326087,1.12982880563631,0.982378474592681,0.147450331043625,0
"0","0",1046,"Penn","Kansas","L 60-76",2018,"0",18,758,"2017-18",2017,18,9,"2017-18",2017,18,1046,6775,7825,893,1165,1948,2366,0.458,0.492,602,774,1117,1392,0.539,0.556,291,391,831,974,0.35,0.401,429,453,651,640,0.659,0.708,33,39,24,31,9,8,0.727,0.795,2506,3174,0.220230492813142,0.191513102282333,0.260384959713518,0.280584770114943,0.93784398374448,1.18783591556464,-0.249991931820157,0
"1","0",1047,"Stephen F. Austin","Texas Tech","L 60-70",2018,"0",18,145,"2017-18",2017,18,225,"2017-18",2017,18,1047,7000,7450,1000,964,2059,2096,0.486,0.46,758,712,1408,1394,0.538,0.511,242,252,651,702,0.372,0.359,577,579,819,823,0.705,0.704,35,37,28,27,7,10,0.8,0.73,2819,2759,0.280424963574551,0.276427480916031,0.171997159090909,0.180787661406026,1.05498092185782,1.03252655672427,0.0224543651335469,1
"0","0",1050,"Texas Tech","Villanova","L 59-71",2018,"0",18,225,"2017-18",2017,18,1,"2017-18",2017,18,1050,7450,8075,964,1220,2096,2440,0.46,0.5,712,756,1394,1282,0.511,0.59,252,464,702,1158,0.359,0.401,579,559,823,718,0.704,0.779,37,40,27,36,10,4,0.73,0.9,2759,3463,0.276427480916031,0.229230327868852,0.180787661406026,0.362213728549142,1.03252655672427,1.29599110762455,-0.263464550900285,0
"1","1",1055,"Michigan","Florida State","W 58-54",2018,"1",18,34,"2017-18",2017,18,162,"2017-18",2017,18,1055,8275,7099,1092,994,2335,2125,0.468,0.468,731,721,1324,1344,0.552,0.536,361,273,1011,781,0.357,0.35,474,543,717,786,0.661,0.691,41,35,33,23,8,12,0.805,0.657,3019,2806,0.202970877944325,0.255588705882353,0.272603474320242,0.203385416666667,1.12982880563631,1.05011580941221,0.0797129962240919,0
"1","1",1067,"Kansas State","UMBC","W 50-43",2018,"1",18,448,"2017-18",2017,18,446,"2017-18",2017,18,1067,7425,7200,937,926,2025,2088,0.463,0.443,683,562,1280,1148,0.534,0.49,254,364,745,940,0.341,0.387,502,414,684,641,0.734,0.646,37,36,25,25,12,11,0.676,0.694,2630,2630,0.247928888888889,0.198317049808429,0.19847265625,0.316881533101045,0.984249671687143,0.984249671687143,0,0
"1","1",1074,"Auburn","UNC","W 97-80",2019,"1",19,8,"2018-19",2018,19,22,"2018-19",2018,19,1074,8075,7225,1097,1118,2439,2410,0.45,0.464,643,806,1235,1548,0.521,0.521,454,312,1204,862,0.377,0.362,540,541,760,728,0.711,0.743,40,36,30,29,10,7,0.75,0.806,3188,3089,0.221549815498155,0.224441493775934,0.367536842105263,0.201578811369509,1.19307526742913,1.15602556495878,0.0370497024703524,0
"0","1",1083,"Purdue","Villanova","W 87-61",2019,"1",19,223,"2018-19",2018,19,395,"2018-19",2018,19,1083,7298,7270,967,884,2145,2019,0.451,0.438,602,504,1168,938,0.515,0.537,365,380,977,1081,0.374,0.352,461,506,641,695,0.719,0.728,36,36,26,26,10,10,0.722,0.722,2760,2654,0.214862004662005,0.25059930658742,0.312840753424658,0.405663113006397,1.03290079614316,0.993231417740562,0.0396693784025997,-1
"1","1",1087,"Wofford","Seton Hall","W 84-68",2019,"1",19,87,"2018-19",2018,19,750,"2018-19",2018,19,1087,7050,6875,1044,888,2132,2021,0.49,0.439,659,648,1203,1280,0.548,0.506,385,240,929,741,0.414,0.324,406,492,577,697,0.704,0.706,35,34,30,20,5,14,0.857,0.588,2879,2508,0.190529080675422,0.243484413656606,0.319705735660848,0.187565625,1.07743528699136,0.938592462582264,0.138842824409099,0
"0","1",1092,"Fairl. Dickinson","Prairie View","W 82-76",2019,"1",19,478,"2018-19",2018,19,458,"2018-19",2018,19,1092,7100,7000,921,903,1939,2061,0.475,0.438,652,678,1267,1358,0.515,0.499,269,225,672,703,0.4,0.32,509,596,702,875,0.725,0.681,35,35,21,22,14,13,0.6,0.629,2620,2627,0.26248066013409,0.289119359534207,0.212154696132597,0.165655375552283,0.980507277498219,0.983126953430466,-0.00261967593224721,-1
"1","1",1101,"Kentucky","Abilene Christ.","W 79-44",2019,"1",19,163,"2018-19",2018,19,774,"2018-19",2018,19,1101,7451,6850,978,897,2050,1911,0.477,0.469,763,646,1443,1251,0.529,0.516,215,251,607,660,0.354,0.38,635,457,859,642,0.739,0.712,37,34,30,27,7,7,0.811,0.794,2806,2502,0.309659024390244,0.239196232339089,0.148910602910603,0.200479616306954,1.05011580941221,0.93634702606891,0.113768783343305,0
"1","1",1105,"Baylor","Syracuse","W 78-69",2019,"1",19,975,"2018-19",2018,19,1229,"2018-19",2018,19,1105,6825,6824,869,808,1966,1907,0.442,0.424,595,534,1163,1083,0.512,0.493,274,274,803,824,0.341,0.333,430,480,635,701,0.677,0.685,34,34,20,20,14,14,0.588,0.588,2442,2370,0.21866480162767,0.251801258521238,0.235445399828031,0.253362880886427,0.913892660935363,0.886947422775106,0.0269452381602564,0
"1","1",1107,"Texas Tech","Buffalo","W 78-58",2019,"1",19,213,"2018-19",2018,19,29,"2018-19",2018,19,1107,7652,7225,990,1083,2110,2344,0.469,0.462,713,739,1351,1322,0.528,0.559,277,344,759,1022,0.365,0.337,508,527,694,767,0.732,0.687,38,36,31,32,7,4,0.816,0.889,2765,3037,0.240762085308057,0.224799061433447,0.205059215396003,0.260524962178517,1.03477199323762,1.13656511517637,-0.101793121938746,0
"0","0",1111,"Iowa","Tennessee","L 77-83 (OT)",2019,"0",19,247,"2018-19",2018,19,30,"2018-19",2018,19,1111,7075,7525,914,1106,2006,2231,0.456,0.496,629,844,1224,1517,0.514,0.556,285,262,782,714,0.364,0.367,627,561,849,744,0.739,0.754,35,37,23,31,12,6,0.657,0.838,2740,3035,0.312767198404786,0.251445988346033,0.232555555555556,0.172734344100198,1.02541600776531,1.13581663633859,-0.110400628573273,0
"1","1",1112,"Duke","UCF","W 77-76",2019,"1",19,10,"2018-19",2018,19,1177,"2018-19",2018,19,1112,7624,6625,1157,819,2418,1763,0.478,0.465,879,590,1515,1135,0.58,0.52,278,229,903,628,0.308,0.365,551,518,803,798,0.686,0.649,38,33,32,24,6,9,0.842,0.727,3143,2385,0.227815550041357,0.29376176971072,0.183580198019802,0.201955947136564,1.17623449357897,0.892561014058493,0.283673479520477,0
"1","0",1114,"Texas Tech","Virginia","L 77-85 (OT)",2019,"0",19,213,"2018-19",2018,19,291,"2018-19",2018,19,1114,7652,7674,990,974,2110,2056,0.469,0.474,713,653,1351,1243,0.528,0.525,277,321,759,813,0.365,0.395,508,445,694,598,0.732,0.744,38,38,31,35,7,3,0.816,0.921,2765,2714,0.240762085308057,0.216396887159533,0.205059215396003,0.258354786806114,1.03477199323762,1.01568578287411,0.019086210363515,1
"0","0",1121,"Kansas","Auburn","L 75-89",2019,"0",19,278,"2018-19",2018,19,8,"2018-19",2018,19,1121,7275,8075,989,1097,2128,2439,0.465,0.45,729,643,1385,1235,0.526,0.521,260,454,743,1204,0.35,0.377,487,540,691,760,0.705,0.711,36,40,26,30,10,10,0.722,0.75,2725,3188,0.228926221804511,0.221549815498155,0.187761732851986,0.367536842105263,1.01980241648193,1.19307526742913,-0.173272850947204,0
"0","0",1129,"Arizona State","Buffalo","L 74-91",2019,"0",19,426,"2018-19",2018,19,29,"2018-19",2018,19,1129,6900,7225,899,1083,2012,2344,0.447,0.462,659,739,1298,1322,0.508,0.559,240,344,714,1022,0.336,0.337,600,527,882,767,0.68,0.687,34,36,23,32,11,4,0.676,0.889,2638,3037,0.298091451292247,0.224799061433447,0.184825885978428,0.260524962178517,0.987243587038283,1.13656511517637,-0.149321528138088,0
"0","0",1131,"Iona","UNC","L 73-88",2019,"0",19,694,"2018-19",2018,19,22,"2018-19",2018,19,1131,6600,7225,857,1118,1897,2410,0.452,0.464,560,806,1052,1548,0.532,0.521,297,312,845,862,0.351,0.362,521,541,699,728,0.745,0.743,33,36,17,29,16,7,0.515,0.806,2532,3089,0.274515023721666,0.224441493775934,0.281934410646388,0.201578811369509,0.947574208635683,1.15602556495878,-0.208451356323095,0
"1","1",1132,"UCF","VCU","W 73-58",2019,"1",19,1177,"2018-19",2018,19,1337,"2018-19",2018,19,1132,6625,6650,819,820,1763,1872,0.465,0.438,590,585,1135,1101,0.52,0.531,229,235,628,771,0.365,0.305,518,469,798,669,0.649,0.701,33,33,24,25,9,8,0.727,0.758,2385,2344,0.29376176971072,0.250517628205128,0.201955947136564,0.21358310626703,0.892561014058493,0.877217197883903,0.0153438161745905,0
"1","0",1135,"Cincinnati","Iowa","L 72-79",2019,"0",19,746,"2018-19",2018,19,247,"2018-19",2018,19,1135,7050,7075,872,914,2018,2006,0.432,0.456,640,629,1345,1224,0.476,0.514,232,285,673,782,0.345,0.364,534,627,758,849,0.704,0.739,35,35,28,23,7,12,0.8,0.657,2510,2740,0.264436075322101,0.312767198404786,0.172628252788104,0.232555555555556,0.939340941420049,1.02541600776531,-0.0860750663452634,1
"0","0",1141,"Baylor","Gonzaga","L 71-83",2019,"0",19,975,"2018-19",2018,19,4,"2018-19",2018,19,1141,6825,7399,869,1177,1966,2239,0.442,0.526,595,890,1163,1449,0.512,0.614,274,287,803,790,0.341,0.363,430,602,635,791,0.677,0.761,34,37,20,33,14,4,0.588,0.892,2442,3243,0.21866480162767,0.268848146493971,0.235445399828031,0.197908902691511,0.913892660935363,1.21365843546822,-0.299765774532852,0
"0","0",1159,"Bradley","Michigan State","L 65-76",2019,"0",19,1401,"2018-19",2018,19,32,"2018-19",2018,19,1159,7026,7852,812,1071,1874,2230,0.433,0.48,572,752,1221,1386,0.468,0.543,240,319,653,844,0.368,0.378,465,564,672,749,0.692,0.753,35,39,20,32,15,7,0.571,0.821,2329,3025,0.248145144076841,0.252913452914798,0.196809172809173,0.230181818181818,0.871603606600516,1.13207424214966,-0.260470635549145,0
"0","1",1166,"Virginia","Auburn","W 63-62",2019,"1",19,291,"2018-19",2018,19,8,"2018-19",2018,19,1166,7674,8075,974,1097,2056,2439,0.474,0.45,653,643,1243,1235,0.525,0.521,321,454,813,1204,0.395,0.377,445,540,598,760,0.744,0.711,38,40,35,30,3,10,0.921,0.75,2714,3188,0.216396887159533,0.221549815498155,0.258354786806114,0.367536842105263,1.01568578287411,1.19307526742913,-0.177389484555021,-1
"0","1",1169,"Kentucky","Wofford","W 62-56",2019,"1",19,163,"2018-19",2018,19,87,"2018-19",2018,19,1169,7451,7050,978,1044,2050,2132,0.477,0.49,763,659,1443,1203,0.529,0.548,215,385,607,929,0.354,0.414,635,406,859,577,0.739,0.704,37,35,30,30,7,5,0.811,0.857,2806,2879,0.309659024390244,0.190529080675422,0.148910602910603,0.319705735660848,1.05011580941221,1.07743528699136,-0.0273194775791488,-1
"1","0",1172,"Auburn","Virginia","L 62-63",2019,"0",19,8,"2018-19",2018,19,291,"2018-19",2018,19,1172,8075,7674,1097,974,2439,2056,0.45,0.474,643,653,1235,1243,0.521,0.525,454,321,1204,813,0.377,0.395,540,445,760,598,0.711,0.744,40,38,30,35,10,3,0.75,0.921,3188,2714,0.221549815498155,0.216396887159533,0.367536842105263,0.258354786806114,1.19307526742913,1.01568578287411,0.177389484555021,1
"1","1",1174,"Villanova","Saint Mary's","W 61-57",2019,"1",19,395,"2018-19",2018,19,902,"2018-19",2018,19,1174,7270,6825,884,899,2019,1905,0.438,0.472,504,646,938,1235,0.537,0.523,380,253,1081,670,0.352,0.378,506,412,695,555,0.728,0.742,36,34,26,22,10,12,0.722,0.647,2654,2463,0.25059930658742,0.216173228346457,0.405663113006397,0.205068825910931,0.993231417740562,0.921751688732104,0.071479729008458,0
"1","0",1176,"Utah State","Washington","L 61-78",2019,"0",19,233,"2018-19",2018,19,743,"2018-19",2018,19,1176,7050,7225,959,883,2038,1956,0.471,0.451,685,610,1266,1176,0.541,0.519,274,273,772,780,0.355,0.35,559,472,747,679,0.748,0.695,35,36,28,27,7,9,0.8,0.75,2753,2511,0.274168792934249,0.241260224948875,0.216477093206951,0.232142857142857,1.03028112021091,0.939715180838942,0.0905659393719728,1
"0","0",1182,"VCU","UCF","L 58-73",2019,"0",19,1337,"2018-19",2018,19,1177,"2018-19",2018,19,1182,6650,6625,820,819,1872,1763,0.438,0.465,585,590,1101,1135,0.531,0.52,235,229,771,628,0.305,0.365,469,518,669,798,0.701,0.649,33,33,25,24,8,9,0.758,0.727,2344,2385,0.250517628205128,0.29376176971072,0.21358310626703,0.201955947136564,0.877217197883903,0.892561014058493,-0.0153438161745905,0
"1","0",1186,"Houston","Kentucky","L 58-62",2019,"0",19,180,"2018-19",2018,19,163,"2018-19",2018,19,1186,7401,7451,982,978,2203,2050,0.446,0.477,649,763,1264,1443,0.513,0.529,333,215,939,607,0.355,0.354,490,635,697,859,0.703,0.739,37,37,33,30,4,7,0.892,0.811,2787,2806,0.222419881979119,0.309659024390244,0.263722310126582,0.148910602910603,1.04300526045326,1.05011580941221,-0.00711054895895669,1
"0","0",1188,"Northern Ky.","Texas Tech","L 57-72",2019,"0",19,239,"2018-19",2018,19,213,"2018-19",2018,19,1188,7050,7652,979,990,2047,2110,0.478,0.469,673,713,1203,1351,0.559,0.528,306,277,844,759,0.363,0.365,483,508,725,694,0.666,0.732,35,38,26,31,9,7,0.743,0.816,2747,2765,0.235881778212018,0.240762085308057,0.254673316708229,0.205059215396003,1.02803568369756,1.03477199323762,-0.0067363095400641,0
"1","0",1190,"Wofford","Kentucky","L 56-62",2019,"0",19,87,"2018-19",2018,19,163,"2018-19",2018,19,1190,7050,7451,1044,978,2132,2050,0.49,0.477,659,763,1203,1443,0.548,0.529,385,215,929,607,0.414,0.354,406,635,577,859,0.704,0.739,35,37,30,30,5,7,0.857,0.811,2879,2806,0.190529080675422,0.309659024390244,0.319705735660848,0.148910602910603,1.07743528699136,1.05011580941221,0.0273194775791488,1
"0","0",1198,"Oklahoma","Virginia","L 51-63",2019,"0",19,1046,"2018-19",2018,19,291,"2018-19",2018,19,1198,6824,7674,883,974,1975,2056,0.447,0.474,657,653,1321,1243,0.497,0.525,226,321,654,813,0.346,0.395,431,445,618,598,0.697,0.744,34,38,20,35,14,3,0.588,0.921,2423,2714,0.218099240506329,0.216396887159533,0.171297501892506,0.258354786806114,0.906782111976406,1.01568578287411,-0.108903670897703,0
"0","0",1202,"Florida","Michigan","L 49-64",2019,"0",19,983,"2018-19",2018,19,581,"2018-19",2018,19,1202,7275,7394,857,941,2015,2102,0.425,0.448,566,654,1143,1263,0.495,0.518,291,287,872,839,0.334,0.342,435,406,603,579,0.721,0.701,36,37,20,30,16,7,0.556,0.811,2440,2575,0.215763275434243,0.193091817316841,0.254810148731409,0.227187648456057,0.913144182097578,0.963666503648059,-0.0505223215504808,0
"0","0",1205,"Abilene Christ.","Kentucky","L 44-79",2019,"0",19,774,"2018-19",2018,19,163,"2018-19",2018,19,1205,6850,7451,897,978,1911,2050,0.469,0.477,646,763,1251,1443,0.516,0.529,251,215,660,607,0.38,0.354,457,635,642,859,0.712,0.739,34,37,27,30,7,7,0.794,0.811,2502,2806,0.239196232339089,0.309659024390244,0.200479616306954,0.148910602910603,0.93634702606891,1.05011580941221,-0.113768783343305,0
